month,co2_ppm
Nov,472
Nov,470
Nov,468
Nov,466
Nov,468
Nov,467
Nov,469
Nov,467
Nov,466
Nov,464
Nov,464
Nov,464
Nov,465
Nov,464
Nov,469
Nov,473
Nov,474
Nov,476
Nov,478
Nov,484
Nov,474
Nov,473
Nov,468
Nov,473
Nov,470
Nov,475
Nov,478
Nov,478
Nov,478
Nov,480
Nov,480
Nov,478
Nov,483
Nov,486
Nov,488
Nov,488
Nov,494
Nov,495
Nov,488
Nov,494
Nov,494
Nov,497
Nov,498
Nov,500
Nov,506
Nov,518
Nov,519
Nov,518
Nov,506
Nov,479
Nov,486
Nov,486
Nov,482
Nov,480
Nov,485
Nov,487
Nov,487
Nov,486
Nov,484
Nov,485
Nov,487
Nov,483
Nov,483
Nov,482
Nov,484
Nov,484
Nov,484
Nov,481
Nov,481
Nov,480
Nov,483
Nov,481
Nov,480
Nov,482
Nov,481
Nov,486
Nov,481
Nov,482
Nov,483
Nov,486
Nov,488
Nov,483
Nov,485
Nov,485
Nov,484
Nov,484
Nov,503
Nov,488
Nov,484
Nov,483
Nov,488
Nov,487
Nov,485
Nov,486
Nov,487
Nov,487
Nov,485
Nov,484
Nov,484
Nov,483
Nov,480
Nov,482
Nov,482
Nov,480
Nov,479
Nov,481
Nov,480
Nov,480
Nov,482
Nov,487
Nov,486
Nov,482
Nov,480
Nov,481
Nov,482
Nov,483
Nov,484
Nov,484
Nov,484
Nov,487
Nov,488
Nov,488
Nov,488
Nov,487
Nov,486
Nov,487
Nov,489
Nov,487
Nov,487
Nov,491
Nov,492
Nov,493
Nov,491
Nov,490
Nov,488
Nov,488
Nov,490
Nov,483
Nov,481
Nov,483
Nov,485
Nov,483
Nov,487
Nov,494
Nov,494
Nov,492
Nov,492
Nov,492
Nov,491
Nov,488
Nov,493
Nov,494
Nov,491
Nov,493
Nov,491
Nov,491
Nov,491
Nov,492
Nov,487
Nov,490
Nov,491
Nov,491
Nov,491
Nov,508
Nov,509
Nov,508
Nov,506
Nov,503
Nov,504
Nov,501
Nov,503
Nov,497
Nov,496
Nov,506
Nov,504
Nov,493
Nov,490
Nov,491
Nov,487
Nov,493
Nov,490
Nov,488
Nov,486
Nov,487
Nov,484
Nov,484
Nov,486
Nov,487
Nov,487
Nov,489
Nov,485
Nov,483
Nov,480
Nov,484
Nov,481
Nov,483
Nov,483
Nov,484
Nov,487
Nov,486
Nov,484
Nov,485
Nov,487
Nov,488
Nov,490
Nov,489
Nov,488
Nov,486
Nov,485
Nov,483
Nov,483
Nov,487
Nov,485
Nov,485
Nov,487
Nov,486
Nov,489
Nov,487
Nov,488
Nov,490
Nov,496
Nov,488
Nov,487
Nov,487
Nov,484
Nov,484
Nov,501
Nov,492
Nov,496
Nov,501
Nov,495
Nov,494
Nov,498
Nov,491
Nov,494
Nov,495
Nov,510
Nov,500
Nov,495
Nov,496
Nov,501
Nov,502
Nov,498
Nov,498
Nov,495
Nov,489
Nov,491
Nov,497
Nov,490
Nov,491
Nov,492
Nov,493
Nov,493
Nov,496
Nov,497
Nov,489
Nov,485
Nov,485
Nov,484
Nov,488
Nov,488
Nov,490
Nov,490
Nov,490
Nov,490
Nov,476
Nov,478
Nov,475
Nov,473
Nov,473
Nov,473
Nov,473
Nov,473
Nov,473
Nov,473
Nov,473
Nov,473
Nov,473
Nov,473
Nov,473
Nov,473
Nov,473
Nov,473
Nov,473
Nov,473
Nov,473
Nov,473
Nov,473
Nov,473
Nov,473
Nov,473
Nov,473
Nov,473
Nov,473
Nov,473
Nov,473
Nov,473
Nov,473
Nov,473
Nov,473
Nov,473
Nov,473
Nov,473
Nov,473
Nov,473
Nov,473
Nov,473
Nov,473
Nov,473
Nov,473
Nov,473
Nov,473
Nov,473
Nov,473
Nov,473
Nov,473
Nov,473
Nov,473
Nov,473
Nov,473
Nov,473
Nov,473
Nov,473
Nov,473
Nov,473
Nov,473
Nov,473
Nov,473
Nov,473
Nov,473
Nov,473
Nov,473
Nov,473
Nov,473
Nov,473
Nov,473
Nov,473
Nov,473
Nov,473
Nov,473
Nov,473
Nov,473
Nov,473
Nov,473
Nov,473
Nov,473
Nov,473
Nov,473
Nov,473
Nov,473
Nov,473
Nov,473
Nov,473
Nov,473
Nov,473
Nov,473
Nov,473
Nov,473
Nov,473
Nov,473
Nov,473
Nov,473
Nov,473
Nov,473
Nov,473
Nov,473
Nov,473
Nov,473
Nov,473
Nov,473
Nov,473
Nov,473
Nov,473
Nov,473
Nov,473
Nov,473
Nov,473
Nov,473
Nov,473
Nov,473
Nov,473
Nov,473
Nov,473
Nov,473
Nov,473
Nov,473
Nov,473
Nov,473
Nov,473
Nov,473
Nov,473
Nov,473
Nov,473
Nov,473
Nov,473
Nov,473
Nov,473
Nov,473
Nov,473
Nov,473
Nov,473
Nov,473
Nov,473
Nov,473
Nov,473
Nov,473
Nov,473
Nov,473
Nov,473
Nov,473
Nov,473
Nov,473
Nov,473
Nov,473
Nov,473
Nov,473
Nov,473
Nov,473
Nov,473
Nov,473
Nov,473
Nov,473
Nov,473
Nov,473
Nov,473
Nov,473
Nov,473
Nov,473
Nov,473
Nov,473
Nov,473
Nov,473
Nov,473
Nov,473
Nov,473
Nov,473
Nov,473
Nov,473
Nov,473
Nov,473
Nov,473
Nov,473
Nov,473
Nov,473
Nov,473
Nov,473
Nov,501
Nov,496
Nov,492
Nov,499
Nov,508
Nov,505
Nov,494
Nov,491
Nov,488
Nov,487
Nov,488
Nov,487
Nov,490
Nov,488
Nov,487
Nov,486
Nov,489
Nov,488
Nov,487
Nov,487
Nov,492
Nov,495
Nov,503
Nov,499
Nov,493
Nov,499
Nov,498
Nov,499
Nov,503
Nov,503
Nov,498
Nov,494
Nov,493
Nov,493
Nov,492
Nov,495
Nov,493
Nov,493
Nov,487
Nov,487
Nov,491
Nov,492
Nov,488
Nov,485
Nov,484
Nov,484
Nov,479
Nov,481
Nov,481
Nov,480
Nov,479
Nov,484
Nov,483
Nov,485
Nov,488
Nov,487
Nov,485
Nov,484
Nov,484
Nov,484
Nov,484
Nov,484
Nov,486
Nov,485
Nov,486
Nov,488
Nov,489
Nov,490
Nov,489
Nov,492
Nov,493
Nov,492
Nov,493
Nov,494
Nov,494
Nov,492
Nov,494
Nov,498
Nov,495
Nov,496
Nov,496
Nov,501
Nov,504
Nov,504
Nov,500
Nov,504
Nov,503
Nov,499
Nov,509
Nov,513
Nov,507
Nov,505
Nov,504
Nov,500
Nov,505
Nov,505
Nov,503
Nov,503
Nov,512
Nov,507
Nov,512
Nov,508
Nov,509
Nov,507
Nov,500
Nov,500
Nov,496
Nov,489
Nov,488
Nov,489
Nov,490
Nov,492
Nov,494
Nov,491
Nov,496
Nov,489
Nov,492
Nov,488
Nov,487
Nov,483
Nov,486
Nov,507
Nov,485
Nov,487
Nov,486
Nov,491
Nov,494
Nov,499
Nov,496
Nov,498
Nov,502
Nov,501
Nov,499
Nov,500
Nov,499
Nov,498
Nov,500
Nov,505
Nov,509
Nov,510
Nov,509
Nov,511
Nov,510
Nov,511
Nov,511
Nov,512
Nov,517
Nov,514
Nov,514
Nov,510
Nov,508
Nov,506
Nov,502
Nov,505
Nov,502
Nov,505
Nov,503
Nov,498
Nov,499
Nov,499
Nov,497
Nov,496
Nov,495
Nov,493
Nov,493
Nov,496
Nov,492
Nov,493
Nov,492
Nov,491
Nov,488
Nov,488
Nov,492
Nov,489
Nov,485
Nov,486
Nov,486
Nov,486
Nov,480
Nov,483
Nov,480
Nov,481
Nov,481
Nov,482
Nov,483
Nov,481
Nov,483
Nov,483
Nov,482
Nov,484
Nov,483
Nov,482
Nov,484
Nov,483
Nov,480
Nov,481
Nov,481
Nov,483
Nov,482
Nov,481
Nov,483
Nov,481
Nov,481
Nov,484
Nov,483
Nov,482
Nov,484
Nov,483
Nov,484
Nov,484
Nov,484
Nov,484
Nov,482
Nov,485
Nov,486
Nov,482
Nov,483
Nov,484
Nov,485
Nov,492
Nov,489
Nov,486
Nov,486
Nov,484
Nov,484
Nov,487
Nov,493
Nov,491
Nov,491
Nov,487
Nov,487
Nov,486
Nov,485
Nov,485
Nov,483
Nov,485
Nov,484
Nov,482
Nov,490
Nov,491
Nov,489
Nov,482
Nov,486
Nov,484
Nov,487
Nov,488
Nov,482
Nov,479
Nov,478
Nov,478
Nov,474
Nov,476
Nov,477
Nov,467
Nov,468
Nov,469
Nov,473
Nov,467
Nov,472
Nov,471
Nov,472
Nov,472
Nov,474
Nov,471
Nov,476
Nov,475
Nov,472
Nov,472
Nov,472
Nov,470
Nov,477
Nov,466
Nov,471
Nov,474
Nov,472
Nov,474
Nov,472
Nov,477
Nov,471
Nov,469
Nov,469
Nov,468
Nov,476
Nov,482
Nov,472
Nov,474
Nov,470
Nov,469
Nov,469
Nov,471
Nov,469
Nov,468
Nov,470
Nov,469
Nov,465
Nov,467
Nov,468
Nov,468
Nov,467
Nov,473
Nov,476
Nov,470
Nov,469
Nov,468
Nov,467
Nov,469
Nov,468
Nov,472
Nov,473
Nov,478
Nov,474
Nov,473
Nov,473
Nov,473
Nov,474
Nov,483
Nov,481
Nov,482
Nov,478
Nov,478
Nov,474
Nov,474
Nov,478
Nov,475
Nov,473
Nov,474
Nov,477
Nov,474
Nov,475
Nov,476
Nov,474
Nov,472
Nov,476
Nov,474
Nov,473
Nov,474
Nov,471
Nov,472
Nov,471
Nov,469
Nov,471
Nov,470
Nov,471
Nov,470
Nov,469
Nov,470
Nov,472
Nov,468
Nov,471
Nov,470
Nov,469
Nov,470
Nov,470
Nov,471
Nov,470
Nov,469
Nov,472
Nov,472
Nov,473
Nov,471
Nov,470
Nov,469
Nov,471
Nov,468
Nov,470
Nov,470
Nov,470
Nov,470
Nov,471
Nov,470
Nov,471
Nov,470
Nov,470
Nov,473
Nov,473
Nov,475
Nov,474
Nov,473
Nov,468
Nov,470
Nov,467
Nov,466
Nov,470
Nov,470
Nov,471
Nov,470
Nov,467
Nov,465
Nov,466
Nov,467
Nov,466
Nov,465
Nov,465
Nov,465
Nov,463
Nov,462
Nov,465
Nov,463
Nov,464
Nov,464
Nov,463
Nov,463
Nov,464
Nov,465
Nov,462
Nov,463
Nov,461
Nov,462
Nov,462
Nov,462
Nov,467
Nov,466
Nov,463
Nov,468
Nov,467
Nov,468
Nov,471
Nov,470
Nov,468
Nov,469
Nov,474
Nov,475
Nov,475
Nov,476
Nov,477
Nov,481
Nov,480
Nov,482
Nov,480
Nov,482
Nov,483
Nov,479
Nov,479
Nov,478
Nov,478
Nov,476
Nov,478
Nov,478
Nov,477
Nov,479
Nov,479
Nov,482
Nov,484
Nov,484
Nov,481
Nov,483
Nov,482
Nov,478
Nov,480
Nov,480
Nov,477
Nov,482
Nov,484
Nov,482
Nov,479
Nov,483
Nov,474
Nov,475
Nov,476
Nov,473
Nov,474
Nov,475
Nov,472
Nov,474
Nov,474
Nov,475
Nov,474
Nov,474
Nov,471
Nov,475
Nov,472
Nov,473
Nov,473
Nov,472
Nov,473
Nov,473
Nov,474
Nov,473
Nov,477
Nov,477
Nov,477
Nov,478
Nov,480
Nov,478
Nov,477
Nov,478
Nov,477
Nov,478
Nov,475
Nov,478
Nov,478
Nov,478
Nov,477
Nov,477
Nov,477
Nov,479
Nov,484
Nov,484
Nov,482
Nov,479
Nov,477
Nov,477
Nov,479
Nov,486
Nov,484
Nov,481
Nov,482
Nov,484
Nov,490
Nov,489
Nov,491
Nov,489
Nov,491
Nov,492
Nov,498
Nov,500
Nov,505
Nov,510
Nov,515
Nov,521
Nov,515
Nov,514
Nov,516
Nov,510
Nov,514
Nov,516
Nov,514
Nov,512
Nov,513
Nov,502
Nov,498
Nov,497
Nov,493
Nov,492
Nov,493
Nov,493
Nov,492
Nov,487
Nov,484
Nov,486
Nov,478
Nov,468
Nov,466
Nov,465
Nov,463
Nov,463
Nov,464
Nov,465
Nov,462
Nov,463
Nov,461
Nov,461
Nov,460
Nov,463
Nov,461
Nov,460
Nov,458
Nov,458
Nov,462
Nov,459
Nov,460
Nov,460
Nov,461
Nov,461
Nov,464
Nov,462
Nov,463
Nov,467
Nov,469
Nov,467
Nov,465
Nov,466
Nov,469
Nov,468
Nov,468
Nov,470
Nov,468
Nov,466
Nov,464
Nov,463
Nov,463
Nov,464
Nov,465
Nov,466
Nov,466
Nov,466
Nov,466
Nov,463
Nov,463
Nov,463
Nov,466
Nov,463
Nov,467
Nov,467
Nov,464
Nov,463
Nov,462
Nov,463
Nov,465
Nov,467
Nov,466
Nov,468
Nov,473
Nov,477
Nov,479
Nov,439
Nov,433
Nov,438
Nov,458
Nov,469
Nov,479
Nov,478
Nov,479
Nov,477
Nov,476
Nov,480
Nov,482
Nov,482
Nov,484
Nov,488
Nov,464
Nov,419
Nov,408
Nov,405
Nov,408
Nov,406
Nov,406
Nov,410
Nov,408
Nov,409
Nov,409
Nov,408
Nov,407
Nov,407
Nov,407
Nov,407
Nov,407
Nov,408
Nov,405
Nov,407
Nov,407
Nov,406
Nov,407
Nov,406
Nov,405
Nov,409
Nov,410
Nov,412
Nov,411
Nov,411
Nov,411
Nov,413
Nov,411
Nov,413
Nov,410
Nov,413
Nov,412
Nov,414
Nov,415
Nov,414
Nov,414
Nov,413
Nov,413
Nov,415
Nov,413
Nov,412
Nov,412
Nov,411
Nov,414
Nov,413
Nov,412
Nov,414
Nov,409
Nov,409
Nov,411
Nov,412
Nov,411
Nov,411
Nov,410
Nov,409
Nov,410
Nov,408
Nov,410
Nov,411
Nov,411
Nov,408
Nov,409
Nov,409
Nov,407
Nov,408
Nov,408
Nov,408
Nov,407
Nov,408
Nov,407
Nov,406
Nov,404
Nov,405
Nov,407
Nov,404
Nov,405
Nov,405
Nov,405
Nov,404
Nov,403
Nov,403
Nov,403
Nov,403
Nov,404
Nov,405
Nov,404
Nov,404
Nov,404
Nov,403
Nov,404
Nov,405
Nov,404
Nov,404
Nov,404
Nov,403
Nov,404
Nov,406
Nov,405
Nov,406
Nov,405
Nov,406
Nov,404
Nov,406
Nov,406
Nov,406
Nov,406
Nov,406
Nov,407
Nov,407
Nov,407
Nov,407
Nov,406
Nov,408
Nov,408
Nov,406
Nov,407
Nov,408
Nov,406
Nov,407
Nov,406
Nov,406
Nov,405
Nov,405
Nov,406
Nov,406
Nov,406
Nov,406
Nov,405
Nov,406
Nov,406
Nov,407
Nov,407
Nov,409
Nov,408
Nov,406
Nov,407
Nov,407
Nov,407
Nov,407
Nov,406
Nov,408
Nov,408
Nov,408
Nov,406
Nov,407
Nov,406
Nov,407
Nov,405
Nov,407
Nov,405
Nov,407
Nov,406
Nov,407
Nov,407
Nov,406
Nov,406
Nov,406
Nov,408
Nov,407
Nov,408
Nov,407
Nov,408
Nov,406
Nov,408
Nov,409
Nov,410
Nov,410
Nov,408
Nov,409
Nov,408
Nov,410
Nov,409
Nov,410
Nov,409
Nov,409
Nov,410
Nov,408
Nov,412
Nov,408
Nov,411
Nov,408
Nov,407
Nov,404
Nov,408
Nov,402
Nov,402
Nov,401
Nov,406
Nov,402
Nov,401
Nov,402
Nov,402
Nov,402
Nov,401
Nov,401
Nov,401
Nov,401
Nov,401
Nov,401
Nov,401
Nov,401
Nov,401
Nov,401
Nov,401
Nov,401
Nov,401
Nov,401
Nov,401
Nov,401
Nov,401
Nov,401
Nov,401
Nov,401
Nov,401
Nov,401
Nov,401
Nov,401
Nov,401
Nov,401
Nov,401
Nov,401
Nov,401
Nov,401
Nov,401
Nov,401
Nov,401
Nov,401
Nov,401
Nov,401
Nov,401
Nov,401
Nov,401
Nov,401
Nov,401
Nov,401
Nov,401
Nov,401
Nov,401
Nov,401
Nov,401
Nov,401
Nov,401
Nov,401
Nov,401
Nov,401
Nov,401
Nov,401
Nov,401
Nov,401
Nov,401
Nov,401
Nov,401
Nov,401
Nov,401
Nov,401
Nov,401
Nov,401
Nov,401
Nov,401
Nov,401
Nov,401
Nov,401
Nov,401
Nov,401
Nov,401
Nov,401
Nov,401
Nov,401
Nov,401
Nov,401
Nov,401
Nov,401
Nov,401
Nov,401
Nov,401
Nov,401
Nov,401
Nov,401
Nov,401
Nov,401
Nov,401
Nov,401
Nov,401
Nov,401
Nov,401
Nov,401
Nov,401
Nov,401
Nov,401
Nov,401
Nov,401
Nov,401
Nov,401
Nov,401
Nov,401
Nov,401
Nov,401
Nov,401
Nov,401
Nov,401
Nov,401
Nov,401
Nov,401
Nov,401
Nov,401
Nov,401
Nov,401
Nov,401
Nov,401
Nov,401
Nov,401
Nov,401
Nov,401
Nov,401
Nov,401
Nov,401
Nov,401
Nov,401
Nov,401
Nov,401
Nov,401
Nov,401
Nov,401
Nov,401
Nov,401
Nov,401
Nov,401
Nov,401
Nov,401
Nov,401
Nov,401
Nov,401
Nov,401
Nov,401
Nov,401
Nov,401
Nov,401
Nov,401
Nov,401
Nov,401
Nov,401
Nov,406
Nov,404
Nov,402
Nov,403
Nov,403
Nov,402
Nov,402
Nov,401
Nov,402
Nov,401
Nov,401
Nov,401
Nov,401
Nov,402
Nov,404
Nov,402
Nov,403
Nov,401
Nov,400
Nov,400
Nov,400
Nov,400
Nov,400
Nov,401
Nov,400
Nov,399
Nov,400
Nov,398
Nov,398
Nov,402
Nov,402
Nov,401
Nov,405
Nov,407
Nov,403
Nov,405
Nov,408
Nov,410
Nov,414
Nov,408
Nov,408
Nov,408
Nov,407
Nov,406
Nov,408
Nov,408
Nov,406
Nov,407
Nov,408
Nov,413
Nov,411
Nov,417
Nov,418
Nov,419
Nov,414
Nov,415
Nov,421
Nov,428
Nov,429
Nov,423
Nov,441
Nov,435
Nov,439
Nov,439
Nov,429
Nov,436
Nov,449
Nov,426
Nov,422
Nov,418
Nov,417
Nov,405
Nov,409
Nov,402
Nov,402
Nov,402
Nov,400
Nov,401
Nov,399
Nov,399
Dec,400
Dec,399
Dec,399
Dec,400
Dec,399
Dec,401
Dec,400
Dec,397
Dec,399
Dec,399
Dec,398
Dec,403
Dec,409
Dec,420
Dec,422
Dec,428
Dec,447
Dec,449
Dec,442
Dec,427
Dec,405
Dec,399
Dec,399
Dec,404
Dec,401
Dec,402
Dec,402
Dec,403
Dec,404
Dec,401
Dec,402
Dec,402
Dec,399
Dec,401
Dec,402
Dec,401
Dec,402
Dec,401
Dec,401
Dec,401
Dec,402
Dec,403
Dec,405
Dec,407
Dec,407
Dec,406
Dec,409
Dec,409
Dec,408
Dec,409
Dec,410
Dec,407
Dec,410
Dec,406
Dec,407
Dec,406
Dec,405
Dec,405
Dec,406
Dec,408
Dec,406
Dec,408
Dec,409
Dec,411
Dec,408
Dec,406
Dec,406
Dec,406
Dec,405
Dec,407
Dec,408
Dec,405
Dec,405
Dec,406
Dec,406
Dec,408
Dec,404
Dec,406
Dec,407
Dec,408
Dec,408
Dec,409
Dec,408
Dec,409
Dec,405
Dec,407
Dec,407
Dec,409
Dec,409
Dec,408
Dec,406
Dec,408
Dec,407
Dec,408
Dec,407
Dec,406
Dec,405
Dec,406
Dec,405
Dec,406
Dec,406
Dec,406
Dec,405
Dec,406
Dec,407
Dec,408
Dec,408
Dec,406
Dec,405
Dec,405
Dec,403
Dec,404
Dec,403
Dec,405
Dec,404
Dec,406
Dec,406
Dec,405
Dec,403
Dec,404
Dec,403
Dec,402
Dec,405
Dec,400
Dec,402
Dec,405
Dec,406
Dec,405
Dec,404
Dec,402
Dec,405
Dec,403
Dec,404
Dec,403
Dec,402
Dec,401
Dec,401
Dec,402
Dec,405
Dec,403
Dec,403
Dec,403
Dec,401
Dec,404
Dec,400
Dec,399
Dec,399
Dec,400
Dec,399
Dec,401
Dec,400
Dec,397
Dec,399
Dec,399
Dec,398
Dec,403
Dec,409
Dec,420
Dec,422
Dec,428
Dec,447
Dec,449
Dec,442
Dec,427
Dec,405
Dec,399
Dec,399
Dec,404
Dec,401
Dec,402
Dec,402
Dec,403
Dec,404
Dec,401
Dec,402
Dec,402
Dec,399
Dec,401
Dec,402
Dec,401
Dec,402
Dec,401
Dec,401
Dec,401
Dec,402
Dec,403
Dec,405
Dec,407
Dec,407
Dec,406
Dec,409
Dec,409
Dec,408
Dec,409
Dec,410
Dec,407
Dec,410
Dec,406
Dec,407
Dec,406
Dec,405
Dec,405
Dec,406
Dec,408
Dec,406
Dec,408
Dec,409
Dec,411
Dec,408
Dec,406
Dec,406
Dec,406
Dec,405
Dec,407
Dec,408
Dec,405
Dec,405
Dec,406
Dec,406
Dec,408
Dec,404
Dec,406
Dec,407
Dec,408
Dec,408
Dec,409
Dec,408
Dec,409
Dec,405
Dec,407
Dec,407
Dec,409
Dec,409
Dec,408
Dec,406
Dec,408
Dec,407
Dec,408
Dec,407
Dec,406
Dec,405
Dec,406
Dec,405
Dec,406
Dec,406
Dec,406
Dec,405
Dec,406
Dec,407
Dec,408
Dec,408
Dec,406
Dec,405
Dec,405
Dec,403
Dec,404
Dec,403
Dec,405
Dec,404
Dec,406
Dec,406
Dec,405
Dec,403
Dec,404
Dec,403
Dec,402
Dec,405
Dec,400
Dec,402
Dec,405
Dec,406
Dec,405
Dec,404
Dec,402
Dec,405
Dec,403
Dec,404
Dec,403
Dec,402
Dec,401
Dec,401
Dec,402
Dec,405
Dec,403
Dec,403
Dec,403
Dec,401
Dec,404
Dec,406
Dec,405
Dec,407
Dec,405
Dec,405
Dec,404
Dec,404
Dec,403
Dec,403
Dec,400
Dec,402
Dec,401
Dec,400
Dec,403
Dec,402
Dec,403
Dec,402
Dec,399
Dec,401
Dec,402
Dec,405
Dec,402
Dec,403
Dec,401
Dec,401
Dec,399
Dec,402
Dec,401
Dec,402
Dec,403
Dec,402
Dec,404
Dec,403
Dec,404
Dec,405
Dec,405
Dec,404
Dec,403
Dec,403
Dec,403
Dec,403
Dec,404
Dec,404
Dec,408
Dec,404
Dec,403
Dec,404
Dec,404
Dec,404
Dec,403
Dec,404
Dec,404
Dec,405
Dec,405
Dec,405
Dec,405
Dec,403
Dec,404
Dec,403
Dec,403
Dec,406
Dec,404
Dec,403
Dec,404
Dec,404
Dec,404
Dec,404
Dec,405
Dec,403
Dec,404
Dec,404
Dec,405
Dec,402
Dec,403
Dec,406
Dec,406
Dec,404
Dec,404
Dec,402
Dec,402
Dec,404
Dec,404
Dec,403
Dec,402
Dec,403
Dec,405
Dec,404
Dec,401
Dec,400
Dec,401
Dec,403
Dec,400
Dec,405
Dec,403
Dec,406
Dec,406
Dec,405
Dec,405
Dec,406
Dec,405
Dec,405
Dec,404
Dec,406
Dec,405
Dec,406
Dec,406
Dec,407
Dec,405
Dec,405
Dec,406
Dec,405
Dec,408
Dec,407
Dec,405
Dec,406
Dec,405
Dec,406
Dec,407
Dec,404
Dec,406
Dec,404
Dec,406
Dec,406
Dec,404
Dec,406
Dec,405
Dec,405
Dec,404
Dec,404
Dec,405
Dec,404
Dec,403
Dec,404
Dec,403
Dec,403
Dec,404
Dec,404
Dec,405
Dec,404
Dec,403
Dec,402
Dec,403
Dec,403
Dec,402
Dec,406
Dec,405
Dec,407
Dec,405
Dec,405
Dec,404
Dec,404
Dec,403
Dec,403
Dec,400
Dec,402
Dec,401
Dec,400
Dec,403
Dec,402
Dec,403
Dec,402
Dec,399
Dec,401
Dec,402
Dec,405
Dec,402
Dec,403
Dec,401
Dec,401
Dec,399
Dec,402
Dec,401
Dec,402
Dec,403
Dec,402
Dec,404
Dec,403
Dec,404
Dec,405
Dec,405
Dec,404
Dec,403
Dec,403
Dec,403
Dec,403
Dec,404
Dec,404
Dec,408
Dec,404
Dec,403
Dec,404
Dec,404
Dec,404
Dec,403
Dec,404
Dec,404
Dec,405
Dec,405
Dec,405
Dec,405
Dec,403
Dec,404
Dec,403
Dec,403
Dec,406
Dec,404
Dec,403
Dec,404
Dec,404
Dec,404
Dec,404
Dec,405
Dec,403
Dec,404
Dec,404
Dec,405
Dec,402
Dec,403
Dec,406
Dec,406
Dec,404
Dec,404
Dec,402
Dec,402
Dec,404
Dec,404
Dec,403
Dec,402
Dec,403
Dec,405
Dec,404
Dec,401
Dec,400
Dec,401
Dec,403
Dec,400
Dec,405
Dec,403
Dec,406
Dec,406
Dec,405
Dec,405
Dec,406
Dec,405
Dec,405
Dec,404
Dec,406
Dec,405
Dec,406
Dec,406
Dec,407
Dec,405
Dec,405
Dec,406
Dec,405
Dec,408
Dec,407
Dec,405
Dec,406
Dec,405
Dec,406
Dec,407
Dec,404
Dec,406
Dec,404
Dec,406
Dec,406
Dec,404
Dec,406
Dec,405
Dec,405
Dec,404
Dec,404
Dec,405
Dec,404
Dec,403
Dec,404
Dec,403
Dec,403
Dec,404
Dec,404
Dec,405
Dec,404
Dec,403
Dec,402
Dec,403
Dec,403
Dec,402
Dec,403
Dec,404
Dec,402
Dec,404
Dec,404
Dec,402
Dec,402
Dec,402
Dec,403
Dec,404
Dec,402
Dec,402
Dec,402
Dec,402
Dec,402
Dec,403
Dec,401
Dec,403
Dec,401
Dec,402
Dec,401
Dec,400
Dec,402
Dec,402
Dec,403
Dec,401
Dec,402
Dec,402
Dec,402
Dec,401
Dec,402
Dec,401
Dec,402
Dec,403
Dec,402
Dec,402
Dec,403
Dec,402
Dec,403
Dec,403
Dec,402
Dec,402
Dec,403
Dec,404
Dec,406
Dec,406
Dec,402
Dec,403
Dec,404
Dec,405
Dec,403
Dec,402
Dec,402
Dec,403
Dec,402
Dec,402
Dec,404
Dec,401
Dec,403
Dec,403
Dec,402
Dec,404
Dec,403
Dec,403
Dec,401
Dec,402
Dec,401
Dec,401
Dec,400
Dec,401
Dec,400
Dec,402
Dec,402
Dec,400
Dec,402
Dec,400
Dec,400
Dec,403
Dec,399
Dec,400
Dec,400
Dec,401
Dec,402
Dec,399
Dec,410
Dec,411
Dec,411
Dec,414
Dec,414
Dec,415
Dec,412
Dec,412
Dec,413
Dec,414
Dec,413
Dec,414
Dec,420
Dec,418
Dec,417
Dec,415
Dec,415
Dec,416
Dec,416
Dec,417
Dec,418
Dec,415
Dec,417
Dec,412
Dec,413
Dec,413
Dec,412
Dec,413
Dec,409
Dec,413
Dec,416
Dec,415
Dec,421
Dec,425
Dec,436
Dec,435
Dec,442
Dec,443
Dec,437
Dec,419
Dec,417
Dec,420
Dec,423
Dec,403
Dec,404
Dec,402
Dec,404
Dec,404
Dec,402
Dec,402
Dec,402
Dec,403
Dec,404
Dec,402
Dec,402
Dec,402
Dec,402
Dec,402
Dec,403
Dec,401
Dec,403
Dec,401
Dec,402
Dec,401
Dec,400
Dec,402
Dec,402
Dec,403
Dec,401
Dec,402
Dec,402
Dec,402
Dec,401
Dec,402
Dec,401
Dec,402
Dec,403
Dec,402
Dec,402
Dec,403
Dec,402
Dec,403
Dec,403
Dec,402
Dec,402
Dec,403
Dec,404
Dec,406
Dec,406
Dec,402
Dec,403
Dec,404
Dec,405
Dec,403
Dec,402
Dec,402
Dec,403
Dec,402
Dec,402
Dec,404
Dec,401
Dec,403
Dec,403
Dec,402
Dec,404
Dec,403
Dec,403
Dec,401
Dec,402
Dec,401
Dec,401
Dec,400
Dec,401
Dec,400
Dec,402
Dec,402
Dec,400
Dec,402
Dec,400
Dec,400
Dec,403
Dec,399
Dec,400
Dec,400
Dec,401
Dec,402
Dec,399
Dec,410
Dec,411
Dec,411
Dec,414
Dec,414
Dec,415
Dec,412
Dec,412
Dec,413
Dec,414
Dec,413
Dec,414
Dec,420
Dec,418
Dec,417
Dec,415
Dec,415
Dec,416
Dec,416
Dec,417
Dec,418
Dec,415
Dec,417
Dec,412
Dec,413
Dec,413
Dec,412
Dec,413
Dec,409
Dec,413
Dec,416
Dec,415
Dec,421
Dec,425
Dec,436
Dec,435
Dec,442
Dec,443
Dec,437
Dec,419
Dec,417
Dec,420
Dec,423
Dec,425
Dec,427
Dec,429
Dec,431
Dec,431
Dec,434
Dec,426
Dec,430
Dec,426
Dec,422
Dec,419
Dec,417
Dec,417
Dec,416
Dec,417
Dec,416
Dec,416
Dec,417
Dec,413
Dec,416
Dec,416
Dec,421
Dec,417
Dec,419
Dec,418
Dec,422
Dec,419
Dec,418
Dec,417
Dec,416
Dec,418
Dec,419
Dec,420
Dec,424
Dec,425
Dec,425
Dec,420
Dec,424
Dec,421
Dec,436
Dec,449
Dec,442
Dec,439
Dec,435
Dec,437
Dec,436
Dec,439
Dec,445
Dec,444
Dec,444
Dec,454
Dec,439
Dec,432
Dec,434
Dec,431
Dec,427
Dec,438
Dec,438
Dec,437
Dec,427
Dec,431
Dec,427
Dec,432
Dec,433
Dec,435
Dec,433
Dec,442
Dec,436
Dec,442
Dec,441
Dec,433
Dec,423
Dec,423
Dec,421
Dec,418
Dec,420
Dec,419
Dec,415
Dec,411
Dec,415
Dec,414
Dec,413
Dec,410
Dec,411
Dec,413
Dec,413
Dec,418
Dec,423
Dec,428
Dec,435
Dec,432
Dec,444
Dec,452
Dec,437
Dec,444
Dec,450
Dec,458
Dec,447
Dec,454
Dec,450
Dec,450
Dec,462
Dec,483
Dec,497
Dec,498
Dec,498
Dec,499
Dec,513
Dec,522
Dec,522
Dec,505
Dec,491
Dec,478
Dec,482
Dec,480
Dec,468
Dec,457
Dec,465
Dec,470
Dec,454
Dec,433
Dec,431
Dec,438
Dec,426
Dec,426
Dec,429
Dec,428
Dec,433
Dec,428
Dec,434
Dec,430
Dec,429
Dec,426
Dec,424
Dec,427
Dec,423
Dec,419
Dec,423
Dec,421
Dec,429
Dec,427
Dec,426
Dec,425
Dec,427
Dec,429
Dec,431
Dec,431
Dec,434
Dec,426
Dec,430
Dec,426
Dec,422
Dec,419
Dec,417
Dec,417
Dec,416
Dec,417
Dec,416
Dec,416
Dec,417
Dec,413
Dec,416
Dec,416
Dec,421
Dec,417
Dec,419
Dec,418
Dec,422
Dec,419
Dec,418
Dec,417
Dec,416
Dec,418
Dec,419
Dec,420
Dec,424
Dec,425
Dec,425
Dec,420
Dec,424
Dec,421
Dec,436
Dec,449
Dec,442
Dec,439
Dec,435
Dec,437
Dec,436
Dec,439
Dec,445
Dec,444
Dec,444
Dec,454
Dec,439
Dec,432
Dec,434
Dec,431
Dec,427
Dec,438
Dec,438
Dec,437
Dec,427
Dec,431
Dec,427
Dec,432
Dec,433
Dec,435
Dec,433
Dec,442
Dec,436
Dec,442
Dec,441
Dec,433
Dec,423
Dec,423
Dec,421
Dec,418
Dec,420
Dec,419
Dec,415
Dec,411
Dec,415
Dec,414
Dec,413
Dec,410
Dec,411
Dec,413
Dec,413
Dec,418
Dec,423
Dec,428
Dec,435
Dec,432
Dec,444
Dec,452
Dec,437
Dec,444
Dec,450
Dec,458
Dec,447
Dec,454
Dec,450
Dec,450
Dec,462
Dec,483
Dec,497
Dec,498
Dec,498
Dec,499
Dec,513
Dec,522
Dec,522
Dec,505
Dec,491
Dec,478
Dec,482
Dec,480
Dec,468
Dec,457
Dec,465
Dec,470
Dec,454
Dec,433
Dec,431
Dec,438
Dec,426
Dec,426
Dec,429
Dec,428
Dec,433
Dec,428
Dec,434
Dec,430
Dec,429
Dec,426
Dec,424
Dec,427
Dec,423
Dec,419
Dec,423
Dec,421
Dec,429
Dec,427
Dec,426
Dec,429
Dec,423
Dec,417
Dec,419
Dec,421
Dec,419
Dec,418
Dec,417
Dec,421
Dec,420
Dec,421
Dec,420
Dec,420
Dec,424
Dec,424
Dec,424
Dec,425
Dec,422
Dec,429
Dec,428
Dec,429
Dec,428
Dec,426
Dec,423
Dec,419
Dec,417
Dec,421
Dec,423
Dec,422
Dec,423
Dec,424
Dec,424
Dec,423
Dec,422
Dec,422
Dec,420
Dec,422
Dec,420
Dec,422
Dec,422
Dec,425
Dec,420
Dec,426
Dec,422
Dec,422
Dec,424
Dec,425
Dec,422
Dec,422
Dec,422
Dec,422
Dec,420
Dec,422
Dec,420
Dec,419
Dec,418
Dec,419
Dec,420
Dec,419
Dec,417
Dec,417
Dec,416
Dec,416
Dec,416
Dec,417
Dec,418
Dec,416
Dec,418
Dec,415
Dec,416
Dec,417
Dec,417
Dec,418
Dec,416
Dec,415
Dec,418
Dec,417
Dec,420
Dec,421
Dec,420
Dec,419
Dec,415
Dec,417
Dec,418
Dec,418
Dec,418
Dec,418
Dec,418
Dec,418
Dec,418
Dec,418
Dec,417
Dec,416
Dec,417
Dec,417
Dec,417
Dec,417
Dec,418
Dec,418
Dec,417
Dec,417
Dec,415
Dec,417
Dec,418
Dec,420
Dec,422
Dec,419
Dec,419
Dec,420
Dec,419
Dec,418
Dec,424
Dec,424
Dec,426
Dec,424
Dec,424
Dec,423
Dec,423
Dec,420
Dec,423
Dec,420
Dec,424
Dec,429
Dec,423
Dec,417
Dec,419
Dec,421
Dec,419
Dec,418
Dec,417
Dec,421
Dec,420
Dec,421
Dec,420
Dec,420
Dec,424
Dec,424
Dec,424
Dec,425
Dec,422
Dec,429
Dec,428
Dec,429
Dec,428
Dec,426
Dec,423
Dec,419
Dec,417
Dec,421
Dec,423
Dec,422
Dec,423
Dec,424
Dec,424
Dec,423
Dec,422
Dec,422
Dec,420
Dec,422
Dec,420
Dec,422
Dec,422
Dec,425
Dec,420
Dec,426
Dec,422
Dec,422
Dec,424
Dec,425
Dec,422
Dec,422
Dec,422
Dec,422
Dec,420
Dec,422
Dec,420
Dec,419
Dec,418
Dec,419
Dec,420
Dec,419
Dec,417
Dec,417
Dec,416
Dec,416
Dec,416
Dec,417
Dec,418
Dec,416
Dec,418
Dec,415
Dec,416
Dec,417
Dec,417
Dec,418
Dec,416
Dec,415
Dec,418
Dec,417
Dec,420
Dec,421
Dec,420
Dec,419
Dec,415
Dec,417
Dec,418
Dec,418
Dec,418
Dec,418
Dec,418
Dec,418
Dec,418
Dec,418
Dec,417
Dec,416
Dec,417
Dec,417
Dec,417
Dec,417
Dec,418
Dec,418
Dec,417
Dec,417
Dec,415
Dec,417
Dec,418
Dec,420
Dec,422
Dec,419
Dec,419
Dec,420
Dec,419
Dec,418
Dec,424
Dec,424
Dec,426
Dec,424
Dec,424
Dec,423
Dec,423
Dec,420
Dec,423
Dec,420
Dec,424
Dec,423
Dec,422
Dec,422
Dec,423
Dec,422
Dec,421
Dec,421
Dec,422
Dec,424
Dec,424
Dec,423
Dec,424
Dec,424
Dec,424
Dec,423
Dec,421
Dec,422
Dec,420
Dec,421
Dec,420
Dec,420
Dec,425
Dec,422
Dec,421
Dec,422
Dec,422
Dec,423
Dec,422
Dec,420
Dec,420
Dec,424
Dec,427
Dec,437
Dec,437
Dec,429
Dec,431
Dec,435
Dec,434
Dec,437
Dec,432
Dec,428
Dec,434
Dec,427
Dec,424
Dec,423
Dec,422
Dec,422
Dec,420
Dec,421
Dec,420
Dec,419
Dec,419
Dec,419
Dec,418
Dec,417
Dec,417
Dec,418
Dec,417
Dec,419
Dec,417
Dec,417
Dec,417
Dec,417
Dec,416
Dec,418
Dec,418
Dec,418
Dec,419
Dec,419
Dec,416
Dec,417
Dec,419
Dec,418
Dec,418
Dec,418
Dec,417
Dec,419
Dec,414
Dec,419
Dec,417
Dec,416
Dec,418
Dec,419
Dec,417
Dec,418
Dec,419
Dec,417
Dec,417
Dec,418
Dec,417
Dec,417
Dec,416
Dec,416
Dec,416
Dec,417
Dec,418
Dec,415
Dec,415
Dec,415
Dec,417
Dec,416
Dec,417
Dec,423
Dec,422
Dec,422
Dec,423
Dec,422
Dec,421
Dec,421
Dec,422
Dec,424
Dec,424
Dec,423
Dec,424
Dec,424
Dec,424
Dec,423
Dec,421
Dec,422
Dec,420
Dec,421
Dec,420
Dec,420
Dec,425
Dec,422
Dec,421
Dec,422
Dec,422
Dec,423
Dec,422
Dec,420
Dec,420
Dec,424
Dec,427
Dec,437
Dec,437
Dec,429
Dec,431
Dec,435
Dec,434
Dec,437
Dec,432
Dec,428
Dec,434
Dec,427
Dec,424
Dec,423
Dec,422
Dec,422
Dec,420
Dec,421
Dec,420
Dec,419
Dec,419
Dec,419
Dec,418
Dec,417
Dec,417
Dec,418
Dec,417
Dec,419
Dec,417
Dec,417
Dec,417
Dec,417
Dec,416
Dec,418
Dec,418
Dec,418
Dec,419
Dec,419
Dec,416
Dec,417
Dec,419
Dec,418
Dec,418
Dec,418
Dec,417
Dec,419
Dec,414
Dec,419
Dec,417
Dec,416
Dec,418
Dec,419
Dec,417
Dec,418
Dec,419
Dec,417
Dec,417
Dec,418
Dec,417
Dec,417
Dec,416
Dec,416
Dec,416
Dec,417
Dec,418
Dec,415
Dec,415
Dec,415
Dec,417
Dec,416
Dec,417
Dec,415
Dec,415
Dec,416
Dec,416
Dec,415
Dec,415
Dec,414
Dec,414
Dec,416
Dec,416
Dec,417
Dec,415
Dec,416
Dec,416
Dec,414
Dec,415
Dec,414
Dec,414
Dec,413
Dec,414
Dec,414
Dec,412
Dec,411
Dec,413
Dec,414
Dec,412
Dec,411
Dec,412
Dec,413
Dec,413
Dec,411
Dec,412
Dec,411
Dec,410
Dec,412
Dec,411
Dec,412
Dec,412
Dec,413
Dec,405
Dec,403
Dec,401
Dec,403
Dec,404
Dec,405
Dec,404
Dec,405
Dec,403
Dec,405
Dec,406
Dec,404
Dec,403
Dec,406
Dec,405
Dec,405
Dec,405
Dec,405
Dec,405
Dec,404
Dec,404
Dec,404
Dec,405
Dec,405
Dec,404
Dec,406
Dec,411
Dec,413
Dec,409
Dec,407
Dec,407
Dec,409
Dec,408
Dec,411
Dec,410
Dec,409
Dec,407
Dec,407
Dec,406
Dec,405
Dec,403
Dec,402
Dec,402
Dec,403
Dec,403
Dec,401
Dec,401
Dec,401
Dec,403
Dec,403
Dec,402
Dec,402
Dec,402
Dec,401
Dec,405
Dec,405
Dec,404
Dec,404
Dec,412
Dec,410
Dec,409
Dec,408
Dec,410
Dec,409
Dec,404
Dec,405
Dec,404
Dec,402
Dec,404
Dec,402
Dec,400
Dec,401
Dec,400
Dec,399
Dec,403
Dec,403
Dec,405
Dec,402
Dec,402
Dec,402
Dec,402
Dec,399
Dec,400
Dec,401
Dec,401
Dec,399
Dec,401
Dec,400
Dec,401
Dec,400
Dec,399
Dec,400
Dec,399
Dec,399
Dec,398
Dec,398
Dec,399
Dec,397
Dec,398
Dec,398
Dec,399
Dec,400
Dec,399
Dec,398
Dec,397
Dec,415
Dec,415
Dec,416
Dec,416
Dec,415
Dec,415
Dec,414
Dec,414
Dec,416
Dec,416
Dec,417
Dec,415
Dec,416
Dec,416
Dec,414
Dec,415
Dec,414
Dec,414
Dec,413
Dec,414
Dec,414
Dec,412
Dec,411
Dec,413
Dec,414
Dec,412
Dec,411
Dec,412
Dec,413
Dec,413
Dec,411
Dec,412
Dec,411
Dec,410
Dec,412
Dec,411
Dec,412
Dec,412
Dec,413
Dec,405
Dec,403
Dec,401
Dec,403
Dec,404
Dec,405
Dec,404
Dec,405
Dec,403
Dec,405
Dec,406
Dec,404
Dec,403
Dec,406
Dec,405
Dec,405
Dec,405
Dec,405
Dec,405
Dec,404
Dec,404
Dec,404
Dec,405
Dec,405
Dec,404
Dec,406
Dec,411
Dec,413
Dec,409
Dec,407
Dec,407
Dec,409
Dec,408
Dec,411
Dec,410
Dec,409
Dec,407
Dec,407
Dec,406
Dec,405
Dec,403
Dec,402
Dec,402
Dec,403
Dec,403
Dec,401
Dec,401
Dec,401
Dec,403
Dec,403
Dec,402
Dec,402
Dec,402
Dec,401
Dec,405
Dec,405
Dec,404
Dec,404
Dec,412
Dec,410
Dec,409
Dec,408
Dec,410
Dec,409
Dec,404
Dec,405
Dec,404
Dec,402
Dec,404
Dec,402
Dec,400
Dec,401
Dec,400
Dec,399
Dec,403
Dec,403
Dec,405
Dec,402
Dec,402
Dec,402
Dec,402
Dec,399
Dec,400
Dec,401
Dec,401
Dec,399
Dec,401
Dec,400
Dec,401
Dec,400
Dec,399
Dec,400
Dec,399
Dec,399
Dec,398
Dec,398
Dec,399
Dec,397
Dec,398
Dec,398
Dec,399
Dec,400
Dec,399
Dec,398
Dec,397
Dec,397
Dec,395
Dec,397
Dec,396
Dec,398
Dec,397
Dec,397
Dec,395
Dec,395
Dec,397
Dec,397
Dec,397
Dec,397
Dec,395
Dec,397
Dec,397
Dec,397
Dec,397
Dec,396
Dec,396
Dec,395
Dec,396
Dec,396
Dec,396
Dec,396
Dec,397
Dec,397
Dec,395
Dec,396
Dec,397
Dec,396
Dec,396
Dec,396
Dec,398
Dec,397
Dec,398
Dec,398
Dec,397
Dec,400
Dec,398
Dec,400
Dec,399
Dec,400
Dec,402
Dec,402
Dec,402
Dec,402
Dec,402
Dec,403
Dec,405
Dec,404
Dec,405
Dec,403
Dec,402
Dec,400
Dec,400
Dec,400
Dec,399
Dec,401
Dec,400
Dec,399
Dec,399
Dec,402
Dec,401
Dec,399
Dec,397
Dec,397
Dec,396
Dec,397
Dec,396
Dec,397
Dec,398
Dec,398
Dec,398
Dec,397
Dec,396
Dec,397
Dec,396
Dec,400
Dec,400
Dec,399
Dec,398
Dec,399
Dec,399
Dec,396
Dec,397
Dec,397
Dec,397
Dec,397
Dec,397
Dec,398
Dec,396
Dec,396
Dec,395
Dec,399
Dec,399
Dec,397
Dec,395
Dec,397
Dec,396
Dec,398
Dec,397
Dec,397
Dec,395
Dec,395
Dec,397
Dec,397
Dec,397
Dec,397
Dec,395
Dec,397
Dec,397
Dec,397
Dec,397
Dec,396
Dec,396
Dec,395
Dec,396
Dec,396
Dec,396
Dec,396
Dec,397
Dec,397
Dec,395
Dec,396
Dec,397
Dec,396
Dec,396
Dec,396
Dec,398
Dec,397
Dec,398
Dec,398
Dec,397
Dec,400
Dec,398
Dec,400
Dec,399
Dec,400
Dec,402
Dec,402
Dec,402
Dec,402
Dec,402
Dec,403
Dec,405
Dec,404
Dec,405
Dec,403
Dec,402
Dec,400
Dec,400
Dec,400
Dec,399
Dec,401
Dec,400
Dec,399
Dec,399
Dec,402
Dec,401
Dec,399
Dec,397
Dec,397
Dec,396
Dec,397
Dec,396
Dec,397
Dec,398
Dec,398
Dec,398
Dec,397
Dec,396
Dec,397
Dec,396
Dec,400
Dec,400
Dec,399
Dec,398
Dec,399
Dec,399
Dec,396
Dec,397
Dec,397
Dec,397
Dec,397
Dec,397
Dec,398
Dec,396
Dec,396
Dec,395
Dec,399
Dec,399
Dec,399
Dec,401
Dec,398
Dec,398
Dec,399
Dec,396
Dec,397
Dec,397
Dec,397
Dec,396
Dec,395
Dec,396
Dec,395
Dec,396
Dec,395
Dec,395
Dec,396
Dec,394
Dec,395
Dec,393
Dec,394
Dec,393
Dec,394
Dec,393
Dec,393
Dec,395
Dec,393
Dec,393
Dec,393
Dec,396
Dec,396
Dec,396
Dec,395
Dec,395
Dec,395
Dec,397
Dec,394
Dec,397
Dec,397
Dec,397
Dec,397
Dec,397
Dec,394
Dec,398
Dec,396
Dec,396
Dec,397
Dec,398
Dec,398
Dec,398
Dec,399
Dec,398
Dec,397
Dec,399
Dec,397
Dec,399
Dec,397
Dec,397
Dec,398
Dec,397
Dec,399
Dec,398
Dec,399
Dec,399
Dec,400
Dec,397
Dec,399
Dec,398
Dec,399
Dec,398
Dec,400
Dec,399
Dec,399
Dec,399
Dec,399
Dec,399
Dec,399
Dec,401
Dec,401
Dec,400
Dec,403
Dec,402
Dec,402
Dec,401
Dec,401
Dec,400
Dec,401
Dec,402
Dec,401
Dec,401
Dec,401
Dec,403
Dec,402
Dec,402
Dec,406
Dec,408
Dec,406
Dec,405
Dec,406
Dec,407
Dec,406
Dec,406
Dec,409
Dec,409
Dec,411
Dec,411
Dec,412
Dec,413
Dec,411
Dec,411
Dec,412
Dec,415
Dec,415
Dec,413
Dec,411
Dec,412
Dec,414
Dec,417
Dec,415
Dec,416
Dec,418
Dec,420
Dec,422
Dec,420
Dec,420
Dec,417
Dec,419
Dec,417
Dec,417
Dec,417
Dec,417
Dec,418
Dec,418
Dec,421
Dec,423
Dec,421
Dec,420
Dec,420
Dec,423
Dec,422
Dec,422
Dec,420
Dec,419
Dec,417
Dec,399
Dec,401
Dec,398
Dec,398
Dec,399
Dec,396
Dec,397
Dec,397
Dec,397
Dec,396
Dec,395
Dec,396
Dec,395
Dec,396
Dec,395
Dec,395
Dec,396
Dec,394
Dec,395
Dec,393
Dec,394
Dec,393
Dec,394
Dec,393
Dec,393
Dec,395
Dec,393
Dec,393
Dec,393
Dec,396
Dec,396
Dec,396
Dec,395
Dec,395
Dec,395
Dec,397
Dec,394
Dec,397
Dec,397
Dec,397
Dec,397
Dec,397
Dec,394
Dec,398
Dec,396
Dec,396
Dec,397
Dec,398
Dec,398
Dec,398
Dec,399
Dec,398
Dec,397
Dec,399
Dec,397
Dec,399
Dec,397
Dec,397
Dec,398
Dec,397
Dec,399
Dec,398
Dec,399
Dec,399
Dec,400
Dec,397
Dec,399
Dec,398
Dec,399
Dec,398
Dec,400
Dec,399
Dec,399
Dec,399
Dec,399
Dec,399
Dec,399
Dec,401
Dec,401
Dec,400
Dec,403
Dec,402
Dec,402
Dec,401
Dec,401
Dec,400
Dec,401
Dec,402
Dec,401
Dec,401
Dec,401
Dec,403
Dec,402
Dec,402
Dec,406
Dec,408
Dec,406
Dec,405
Dec,406
Dec,407
Dec,406
Dec,406
Dec,409
Dec,409
Dec,411
Dec,411
Dec,412
Dec,413
Dec,411
Dec,411
Dec,412
Dec,415
Dec,415
Dec,413
Dec,411
Dec,412
Dec,414
Dec,417
Dec,415
Dec,416
Dec,418
Dec,420
Dec,422
Dec,420
Dec,420
Dec,417
Dec,419
Dec,417
Dec,417
Dec,417
Dec,417
Dec,418
Dec,418
Dec,421
Dec,423
Dec,421
Dec,420
Dec,420
Dec,423
Dec,422
Dec,422
Dec,420
Dec,419
Dec,417
Dec,417
Dec,414
Dec,414
Dec,415
Dec,414
Dec,413
Dec,413
Dec,415
Dec,415
Dec,414
Dec,414
Dec,413
Dec,412
Dec,415
Dec,415
Dec,412
Dec,411
Dec,411
Dec,410
Dec,410
Dec,409
Dec,410
Dec,409
Dec,409
Dec,411
Dec,411
Dec,411
Dec,411
Dec,412
Dec,412
Dec,411
Dec,411
Dec,414
Dec,412
Dec,410
Dec,412
Dec,415
Dec,415
Dec,417
Dec,416
Dec,418
Dec,418
Dec,419
Dec,419
Dec,419
Dec,421
Dec,421
Dec,423
Dec,425
Dec,421
Dec,422
Dec,421
Dec,420
Dec,420
Dec,419
Dec,419
Dec,418
Dec,418
Dec,416
Dec,419
Dec,417
Dec,415
Dec,416
Dec,416
Dec,417
Dec,415
Dec,416
Dec,416
Dec,416
Dec,415
Dec,413
Dec,415
Dec,414
Dec,414
Dec,412
Dec,414
Dec,414
Dec,412
Dec,413
Dec,414
Dec,414
Dec,412
Dec,413
Dec,414
Dec,416
Dec,414
Dec,415
Dec,415
Dec,415
Dec,417
Dec,416
Dec,417
Dec,416
Dec,417
Dec,419
Dec,420
Dec,421
Dec,422
Dec,421
Dec,421
Dec,423
Dec,425
Dec,422
Dec,425
Dec,427
Dec,432
Dec,430
Dec,430
Dec,428
Dec,428
Dec,426
Dec,426
Dec,430
Dec,431
Dec,432
Dec,431
Dec,428
Dec,425
Dec,426
Dec,425
Dec,425
Dec,426
Dec,424
Dec,423
Dec,424
Dec,423
Dec,425
Dec,422
Dec,422
Dec,426
Dec,432
Dec,438
Dec,443
Dec,446
Dec,446
Dec,439
Dec,448
Dec,450
Dec,446
Dec,453
Dec,456
Dec,457
Dec,449
Dec,446
Dec,417
Dec,414
Dec,414
Dec,415
Dec,414
Dec,413
Dec,413
Dec,415
Dec,415
Dec,414
Dec,414
Dec,413
Dec,412
Dec,415
Dec,415
Dec,412
Dec,411
Dec,411
Dec,410
Dec,410
Dec,409
Dec,410
Dec,409
Dec,409
Dec,411
Dec,411
Dec,411
Dec,411
Dec,412
Dec,412
Dec,411
Dec,411
Dec,414
Dec,412
Dec,410
Dec,412
Dec,415
Dec,415
Dec,417
Dec,416
Dec,418
Dec,418
Dec,419
Dec,419
Dec,419
Dec,421
Dec,421
Dec,423
Dec,425
Dec,421
Dec,422
Dec,421
Dec,420
Dec,420
Dec,419
Dec,419
Dec,418
Dec,418
Dec,416
Dec,419
Dec,417
Dec,415
Dec,416
Dec,416
Dec,417
Dec,415
Dec,416
Dec,416
Dec,416
Dec,415
Dec,413
Dec,415
Dec,414
Dec,414
Dec,412
Dec,414
Dec,414
Dec,412
Dec,413
Dec,414
Dec,414
Dec,412
Dec,413
Dec,414
Dec,416
Dec,414
Dec,415
Dec,415
Dec,415
Dec,417
Dec,416
Dec,417
Dec,416
Dec,417
Dec,419
Dec,420
Dec,421
Dec,422
Dec,421
Dec,421
Dec,423
Dec,425
Dec,422
Dec,425
Dec,427
Dec,432
Dec,430
Dec,430
Dec,428
Dec,428
Dec,426
Dec,426
Dec,430
Dec,431
Dec,432
Dec,431
Dec,428
Dec,425
Dec,426
Dec,425
Dec,425
Dec,426
Dec,424
Dec,423
Dec,424
Dec,423
Dec,425
Dec,422
Dec,422
Dec,426
Dec,432
Dec,438
Dec,443
Dec,446
Dec,446
Dec,439
Dec,448
Dec,450
Dec,446
Dec,453
Dec,456
Dec,457
Dec,449
Dec,446
Dec,451
Dec,453
Dec,453
Dec,452
Dec,450
Dec,449
Dec,473
Dec,466
Dec,450
Dec,438
Dec,438
Dec,438
Dec,439
Dec,443
Dec,451
Dec,454
Dec,455
Dec,453
Dec,450
Dec,451
Dec,449
Dec,454
Dec,459
Dec,457
Dec,450
Dec,449
Dec,446
Dec,451
Dec,449
Dec,453
Dec,457
Dec,465
Dec,470
Dec,470
Dec,473
Dec,474
Dec,490
Dec,479
Dec,460
Dec,458
Dec,462
Dec,466
Dec,464
Dec,468
Dec,470
Dec,465
Dec,464
Dec,467
Dec,473
Dec,478
Dec,487
Dec,489
Dec,496
Dec,483
Dec,479
Dec,476
Dec,478
Dec,473
Dec,469
Dec,463
Dec,464
Dec,454
Dec,451
Dec,453
Dec,454
Dec,448
Dec,437
Dec,430
Dec,430
Dec,431
Dec,433
Dec,433
Dec,429
Dec,426
Dec,432
Dec,428
Dec,426
Dec,427
Dec,428
Dec,425
Dec,425
Dec,424
Dec,423
Dec,422
Dec,423
Dec,425
Dec,425
Dec,440
Dec,442
Dec,438
Dec,436
Dec,439
Dec,440
Dec,447
Dec,458
Dec,463
Dec,474
Dec,485
Dec,486
Dec,481
Dec,477
Dec,480
Dec,486
Dec,489
Dec,493
Dec,496
Dec,487
Dec,475
Dec,468
Dec,470
Dec,466
Dec,444
Dec,437
Dec,438
Dec,431
Dec,431
Dec,432
Dec,430
Dec,423
Dec,425
Dec,431
Dec,429
Dec,427
Dec,439
Dec,427
Dec,425
Dec,422
Dec,421
Dec,426
Dec,420
Dec,421
Dec,422
Dec,417
Dec,419
Dec,418
Dec,417
Dec,420
Dec,416
Dec,421
Dec,418
Dec,416
Dec,413
Dec,451
Dec,453
Dec,453
Dec,452
Dec,450
Dec,449
Dec,473
Dec,466
Dec,450
Dec,438
Dec,438
Dec,438
Dec,439
Dec,443
Dec,451
Dec,454
Dec,455
Dec,453
Dec,450
Dec,451
Dec,449
Dec,454
Dec,459
Dec,457
Dec,450
Dec,449
Dec,446
Dec,451
Dec,449
Dec,453
Dec,457
Dec,465
Dec,470
Dec,470
Dec,473
Dec,474
Dec,490
Dec,479
Dec,460
Dec,458
Dec,462
Dec,466
Dec,464
Dec,468
Dec,470
Dec,465
Dec,464
Dec,467
Dec,473
Dec,478
Dec,487
Dec,489
Dec,496
Dec,483
Dec,479
Dec,476
Dec,478
Dec,473
Dec,469
Dec,463
Dec,464
Dec,454
Dec,451
Dec,453
Dec,454
Dec,448
Dec,437
Dec,430
Dec,430
Dec,431
Dec,433
Dec,433
Dec,429
Dec,426
Dec,432
Dec,428
Dec,426
Dec,427
Dec,428
Dec,425
Dec,425
Dec,424
Dec,423
Dec,422
Dec,423
Dec,425
Dec,425
Dec,440
Dec,442
Dec,438
Dec,436
Dec,439
Dec,440
Dec,447
Dec,458
Dec,463
Dec,474
Dec,485
Dec,486
Dec,481
Dec,477
Dec,480
Dec,486
Dec,489
Dec,493
Dec,496
Dec,487
Dec,475
Dec,468
Dec,470
Dec,466
Dec,444
Dec,437
Dec,438
Dec,431
Dec,431
Dec,432
Dec,430
Dec,423
Dec,425
Dec,431
Dec,429
Dec,427
Dec,439
Dec,427
Dec,425
Dec,422
Dec,421
Dec,426
Dec,420
Dec,421
Dec,422
Dec,417
Dec,419
Dec,418
Dec,417
Dec,420
Dec,416
Dec,421
Dec,418
Dec,416
Dec,413
Dec,413
Dec,411
Dec,410
Dec,410
Dec,410
Dec,411
Dec,411
Dec,411
Dec,414
Dec,411
Dec,411
Dec,411
Dec,411
Dec,415
Dec,413
Dec,413
Dec,415
Dec,414
Dec,416
Dec,413
Dec,413
Dec,411
Dec,415
Dec,414
Dec,414
Dec,412
Dec,412
Dec,411
Dec,409
Dec,408
Dec,409
Dec,409
Dec,409
Dec,408
Dec,407
Dec,407
Dec,408
Dec,408
Dec,408
Dec,408
Dec,406
Dec,406
Dec,407
Dec,408
Dec,406
Dec,407
Dec,406
Dec,410
Dec,410
Dec,409
Dec,412
Dec,413
Dec,411
Dec,415
Dec,413
Dec,412
Dec,413
Dec,412
Dec,410
Dec,413
Dec,413
Dec,413
Dec,412
Dec,411
Dec,410
Dec,410
Dec,412
Dec,410
Dec,409
Dec,410
Dec,413
Dec,410
Dec,411
Dec,409
Dec,412
Dec,408
Dec,411
Dec,410
Dec,411
Dec,410
Dec,412
Dec,411
Dec,413
Dec,411
Dec,411
Dec,412
Dec,414
Dec,415
Dec,413
Dec,410
Dec,412
Dec,409
Dec,410
Dec,413
Dec,411
Dec,411
Dec,413
Dec,413
Dec,411
Dec,410
Dec,410
Dec,410
Dec,411
Dec,411
Dec,411
Dec,414
Dec,411
Dec,411
Dec,411
Dec,411
Dec,415
Dec,413
Dec,413
Dec,415
Dec,414
Dec,416
Dec,413
Dec,413
Dec,411
Dec,415
Dec,414
Dec,414
Dec,412
Dec,412
Dec,411
Dec,409
Dec,408
Dec,409
Dec,409
Dec,409
Dec,408
Dec,407
Dec,407
Dec,408
Dec,408
Dec,408
Dec,408
Dec,406
Dec,406
Dec,407
Dec,408
Dec,406
Dec,407
Dec,406
Dec,410
Dec,410
Dec,409
Dec,412
Dec,413
Dec,411
Dec,415
Dec,413
Dec,412
Dec,413
Dec,412
Dec,410
Dec,413
Dec,413
Dec,413
Dec,412
Dec,411
Dec,410
Dec,410
Dec,412
Dec,410
Dec,409
Dec,410
Dec,413
Dec,410
Dec,411
Dec,409
Dec,412
Dec,408
Dec,411
Dec,410
Dec,411
Dec,410
Dec,412
Dec,411
Dec,413
Dec,411
Dec,411
Dec,412
Dec,414
Dec,415
Dec,413
Dec,410
Dec,412
Dec,409
Dec,410
Dec,413
Dec,411
Dec,411
Dec,413
Dec,409
Dec,411
Dec,410
Dec,412
Dec,413
Dec,411
Dec,411
Dec,411
Dec,411
Dec,410
Dec,410
Dec,411
Dec,413
Dec,411
Dec,412
Dec,410
Dec,412
Dec,412
Dec,411
Dec,412
Dec,409
Dec,410
Dec,412
Dec,411
Dec,411
Dec,410
Dec,410
Dec,411
Dec,407
Dec,408
Dec,411
Dec,412
Dec,413
Dec,415
Dec,413
Dec,416
Dec,418
Dec,427
Dec,422
Dec,423
Dec,424
Dec,428
Dec,427
Dec,424
Dec,422
Dec,426
Dec,429
Dec,429
Dec,424
Dec,430
Dec,429
Dec,424
Dec,424
Dec,418
Dec,419
Dec,420
Dec,420
Dec,417
Dec,419
Dec,416
Dec,417
Dec,414
Dec,422
Dec,417
Dec,417
Dec,415
Dec,414
Dec,413
Dec,415
Dec,413
Dec,413
Dec,415
Dec,420
Dec,419
Dec,420
Dec,459
Dec,461
Dec,427
Dec,420
Dec,424
Dec,419
Dec,418
Dec,416
Dec,418
Dec,422
Dec,418
Dec,419
Dec,420
Dec,422
Dec,419
Dec,424
Dec,425
Dec,424
Dec,426
Dec,435
Dec,431
Dec,431
Dec,434
Dec,431
Dec,430
Dec,426
Dec,425
Dec,422
Dec,423
Dec,423
Dec,428
Dec,429
Dec,429
Dec,431
Dec,429
Dec,434
Dec,436
Dec,439
Dec,439
Dec,441
Dec,441
Dec,437
Dec,436
Dec,443
Dec,440
Dec,439
Dec,441
Dec,440
Dec,446
Dec,444
Dec,444
Dec,445
Dec,440
Dec,443
Dec,447
Dec,447
Dec,446
Dec,443
Dec,439
Dec,438
Dec,433
Dec,433
Dec,433
Dec,432
Dec,434
Dec,438
Dec,433
Dec,433
Dec,435
Dec,409
Dec,411
Dec,410
Dec,412
Dec,413
Dec,411
Dec,411
Dec,411
Dec,411
Dec,410
Dec,410
Dec,411
Dec,413
Dec,411
Dec,412
Dec,410
Dec,412
Dec,412
Dec,411
Dec,412
Dec,409
Dec,410
Dec,412
Dec,411
Dec,411
Dec,410
Dec,410
Dec,411
Dec,407
Dec,408
Dec,411
Dec,412
Dec,413
Dec,415
Dec,413
Dec,416
Dec,418
Dec,427
Dec,422
Dec,423
Dec,424
Dec,428
Dec,427
Dec,424
Dec,422
Dec,426
Dec,429
Dec,429
Dec,424
Dec,430
Dec,429
Dec,424
Dec,424
Dec,418
Dec,419
Dec,420
Dec,420
Dec,417
Dec,419
Dec,416
Dec,417
Dec,414
Dec,422
Dec,417
Dec,417
Dec,415
Dec,414
Dec,413
Dec,415
Dec,413
Dec,413
Dec,415
Dec,420
Dec,419
Dec,420
Dec,459
Dec,461
Dec,427
Dec,420
Dec,424
Dec,419
Dec,418
Dec,416
Dec,418
Dec,422
Dec,418
Dec,419
Dec,420
Dec,422
Dec,419
Dec,424
Dec,425
Dec,424
Dec,426
Dec,435
Dec,431
Dec,431
Dec,434
Dec,431
Dec,430
Dec,426
Dec,425
Dec,422
Dec,423
Dec,423
Dec,428
Dec,429
Dec,429
Dec,431
Dec,429
Dec,434
Dec,436
Dec,439
Dec,439
Dec,441
Dec,441
Dec,437
Dec,436
Dec,443
Dec,440
Dec,439
Dec,441
Dec,440
Dec,446
Dec,444
Dec,444
Dec,445
Dec,440
Dec,443
Dec,447
Dec,447
Dec,446
Dec,443
Dec,439
Dec,438
Dec,433
Dec,433
Dec,433
Dec,432
Dec,434
Dec,438
Dec,433
Dec,433
Dec,435
Dec,434
Dec,433
Dec,433
Dec,431
Dec,431
Dec,431
Dec,431
Dec,430
Dec,430
Dec,431
Dec,430
Dec,428
Dec,429
Dec,430
Dec,430
Dec,430
Dec,431
Dec,430
Dec,431
Dec,431
Dec,432
Dec,430
Dec,430
Dec,431
Dec,430
Dec,433
Dec,430
Dec,430
Dec,430
Dec,431
Dec,438
Dec,435
Dec,431
Dec,430
Dec,431
Dec,434
Dec,434
Dec,438
Dec,442
Dec,439
Dec,439
Dec,438
Dec,448
Dec,450
Dec,455
Dec,450
Dec,448
Dec,455
Dec,460
Dec,457
Dec,449
Dec,447
Dec,448
Dec,448
Dec,450
Dec,450
Dec,445
Dec,444
Dec,445
Dec,444
Dec,443
Dec,440
Dec,442
Dec,454
Dec,466
Dec,457
Dec,451
Dec,445
Dec,452
Dec,449
Dec,455
Dec,454
Dec,454
Dec,456
Dec,449
Dec,448
Dec,443
Dec,445
Dec,446
Dec,448
Dec,450
Dec,448
Dec,445
Dec,442
Dec,436
Dec,436
Dec,435
Dec,439
Dec,456
Dec,454
Dec,451
Dec,455
Dec,465
Dec,464
Dec,464
Dec,467
Dec,465
Dec,470
Dec,477
Dec,485
Dec,487
Dec,489
Dec,488
Dec,479
Dec,475
Dec,468
Dec,461
Dec,459
Dec,458
Dec,474
Dec,481
Dec,475
Dec,471
Dec,470
Dec,475
Dec,471
Dec,455
Dec,447
Dec,447
Dec,450
Dec,445
Dec,445
Dec,446
Dec,454
Dec,454
Dec,455
Dec,447
Dec,449
Dec,445
Dec,447
Dec,439
Dec,441
Dec,441
Dec,439
Dec,437
Dec,436
Dec,435
Dec,435
Dec,435
Dec,432
Dec,435
Dec,440
Dec,436
Dec,435
Dec,434
Dec,433
Dec,433
Dec,431
Dec,431
Dec,431
Dec,431
Dec,430
Dec,430
Dec,431
Dec,430
Dec,428
Dec,429
Dec,430
Dec,430
Dec,430
Dec,431
Dec,430
Dec,431
Dec,431
Dec,432
Dec,430
Dec,430
Dec,431
Dec,430
Dec,433
Dec,430
Dec,430
Dec,430
Dec,431
Dec,438
Dec,435
Dec,431
Dec,430
Dec,431
Dec,434
Dec,434
Dec,438
Dec,442
Dec,439
Dec,439
Dec,438
Dec,448
Dec,450
Dec,455
Dec,450
Dec,448
Dec,455
Dec,460
Dec,457
Dec,449
Dec,447
Dec,448
Dec,448
Dec,450
Dec,450
Dec,445
Dec,444
Dec,445
Dec,444
Dec,443
Dec,440
Dec,442
Dec,454
Dec,466
Dec,457
Dec,451
Dec,445
Dec,452
Dec,449
Dec,455
Dec,454
Dec,454
Dec,456
Dec,449
Dec,448
Dec,443
Dec,445
Dec,446
Dec,448
Dec,450
Dec,448
Dec,445
Dec,442
Dec,436
Dec,436
Dec,435
Dec,439
Dec,456
Dec,454
Dec,451
Dec,455
Dec,465
Dec,464
Dec,464
Dec,467
Dec,465
Dec,470
Dec,477
Dec,485
Dec,487
Dec,489
Dec,488
Dec,479
Dec,475
Dec,468
Dec,461
Dec,459
Dec,458
Dec,474
Dec,481
Dec,475
Dec,471
Dec,470
Dec,475
Dec,471
Dec,455
Dec,447
Dec,447
Dec,450
Dec,445
Dec,445
Dec,446
Dec,454
Dec,454
Dec,455
Dec,447
Dec,449
Dec,445
Dec,447
Dec,439
Dec,441
Dec,441
Dec,439
Dec,437
Dec,436
Dec,435
Dec,435
Dec,435
Dec,432
Dec,435
Dec,440
Dec,436
Dec,435
Dec,436
Dec,427
Dec,427
Dec,426
Dec,425
Dec,425
Dec,423
Dec,424
Dec,425
Dec,423
Dec,424
Dec,422
Dec,422
Dec,422
Dec,422
Dec,425
Dec,422
Dec,421
Dec,421
Dec,419
Dec,422
Dec,421
Dec,421
Dec,421
Dec,421
Dec,418
Dec,419
Dec,419
Dec,421
Dec,421
Dec,422
Dec,421
Dec,422
Dec,422
Dec,423
Dec,422
Dec,423
Dec,423
Dec,421
Dec,421
Dec,421
Dec,420
Dec,424
Dec,422
Dec,424
Dec,422
Dec,420
Dec,422
Dec,425
Dec,421
Dec,420
Dec,421
Dec,424
Dec,422
Dec,420
Dec,422
Dec,420
Dec,420
Dec,423
Dec,421
Dec,423
Dec,422
Dec,420
Dec,420
Dec,424
Dec,423
Dec,421
Dec,421
Dec,421
Dec,419
Dec,421
Dec,421
Dec,421
Dec,420
Dec,419
Dec,421
Dec,420
Dec,421
Dec,420
Dec,422
Dec,420
Dec,419
Dec,419
Dec,419
Dec,419
Dec,419
Dec,421
Dec,420
Dec,422
Dec,423
Dec,422
Dec,422
Dec,423
Dec,421
Dec,423
Dec,423
Dec,421
Dec,422
Dec,422
Dec,420
Dec,422
Dec,422
Dec,422
Dec,422
Dec,425
Dec,422
Dec,422
Dec,421
Dec,425
Dec,423
Dec,422
Dec,422
Dec,421
Dec,423
Dec,419
Dec,420
Dec,420
Dec,421
Dec,420
Dec,420
Dec,419
Dec,421
Dec,421
Dec,420
Dec,417
Dec,418
Dec,411
Dec,410
Dec,409
Dec,410
Dec,408
Dec,411
Dec,409
Dec,412
Dec,412
Dec,411
Dec,410
Dec,416
Dec,411
Dec,410
Dec,410
Dec,408
Dec,409
Dec,408
Dec,436
Dec,427
Dec,427
Dec,426
Dec,425
Dec,425
Dec,423
Dec,424
Dec,425
Dec,423
Dec,424
Dec,422
Dec,422
Dec,422
Dec,422
Dec,425
Dec,422
Dec,421
Dec,421
Dec,419
Dec,422
Dec,421
Dec,421
Dec,421
Dec,421
Dec,418
Dec,419
Dec,419
Dec,421
Dec,421
Dec,422
Dec,421
Dec,422
Dec,422
Dec,423
Dec,422
Dec,423
Dec,423
Dec,421
Dec,421
Dec,421
Dec,420
Dec,424
Dec,422
Dec,424
Dec,422
Dec,420
Dec,422
Dec,425
Dec,421
Dec,420
Dec,421
Dec,424
Dec,422
Dec,420
Dec,422
Dec,420
Dec,420
Dec,423
Dec,421
Dec,423
Dec,422
Dec,420
Dec,420
Dec,424
Dec,423
Dec,421
Dec,421
Dec,421
Dec,419
Dec,421
Dec,421
Dec,421
Dec,420
Dec,419
Dec,421
Dec,420
Dec,421
Dec,420
Dec,422
Dec,420
Dec,419
Dec,419
Dec,419
Dec,419
Dec,419
Dec,421
Dec,420
Dec,422
Dec,423
Dec,422
Dec,422
Dec,423
Dec,421
Dec,423
Dec,423
Dec,421
Dec,422
Dec,422
Dec,420
Dec,422
Dec,422
Dec,422
Dec,422
Dec,425
Dec,422
Dec,422
Dec,421
Dec,425
Dec,423
Dec,422
Dec,422
Dec,421
Dec,423
Dec,419
Dec,420
Dec,420
Dec,421
Dec,420
Dec,420
Dec,419
Dec,421
Dec,421
Dec,420
Dec,417
Dec,418
Dec,411
Dec,410
Dec,409
Dec,410
Dec,408
Dec,411
Dec,409
Dec,412
Dec,412
Dec,411
Dec,410
Dec,416
Dec,411
Dec,410
Dec,410
Dec,408
Dec,409
Dec,408
Dec,407
Dec,407
Dec,407
Dec,408
Dec,408
Dec,406
Dec,407
Dec,408
Dec,411
Dec,409
Dec,409
Dec,414
Dec,422
Dec,428
Dec,434
Dec,438
Dec,431
Dec,435
Dec,443
Dec,448
Dec,447
Dec,445
Dec,446
Dec,451
Dec,451
Dec,450
Dec,450
Dec,452
Dec,454
Dec,454
Dec,456
Dec,458
Dec,455
Dec,448
Dec,449
Dec,427
Dec,423
Dec,425
Dec,429
Dec,429
Dec,437
Dec,446
Dec,456
Dec,465
Dec,480
Dec,488
Dec,501
Dec,504
Dec,496
Dec,491
Dec,490
Dec,494
Dec,487
Dec,475
Dec,466
Dec,470
Dec,473
Dec,472
Dec,473
Dec,487
Dec,499
Dec,496
Dec,496
Dec,494
Dec,497
Dec,495
Dec,494
Dec,492
Dec,492
Dec,464
Dec,434
Dec,419
Dec,412
Dec,411
Dec,411
Dec,409
Dec,413
Dec,413
Dec,417
Dec,416
Dec,417
Dec,419
Dec,414
Dec,413
Dec,414
Dec,413
Dec,413
Dec,414
Dec,414
Dec,413
Dec,413
Dec,414
Dec,415
Dec,416
Dec,416
Dec,420
Dec,418
Dec,416
Dec,417
Dec,416
Dec,417
Dec,414
Dec,412
Dec,415
Dec,412
Dec,411
Dec,409
Dec,413
Dec,413
Dec,411
Dec,409
Dec,409
Dec,409
Dec,409
Dec,411
Dec,412
Dec,412
Dec,412
Dec,410
Dec,409
Dec,409
Dec,409
Dec,411
Dec,411
Dec,411
Dec,410
Dec,410
Dec,409
Dec,410
Dec,414
Dec,412
Dec,412
Dec,415
Dec,416
Dec,415
Dec,414
Dec,415
Dec,416
Dec,417
Dec,415
Dec,417
Dec,418
Dec,417
Dec,417
Dec,407
Dec,407
Dec,407
Dec,408
Dec,408
Dec,406
Dec,407
Dec,408
Dec,411
Dec,409
Dec,409
Dec,414
Dec,422
Dec,428
Dec,434
Dec,438
Dec,431
Dec,435
Dec,443
Dec,448
Dec,447
Dec,445
Dec,446
Dec,451
Dec,451
Dec,450
Dec,450
Dec,452
Dec,454
Dec,454
Dec,456
Dec,458
Dec,455
Dec,448
Dec,449
Dec,427
Dec,423
Dec,425
Dec,429
Dec,429
Dec,437
Dec,446
Dec,456
Dec,465
Dec,480
Dec,488
Dec,501
Dec,504
Dec,496
Dec,491
Dec,490
Dec,494
Dec,487
Dec,475
Dec,466
Dec,470
Dec,473
Dec,472
Dec,473
Dec,487
Dec,499
Dec,496
Dec,496
Dec,494
Dec,497
Dec,495
Dec,494
Dec,492
Dec,492
Dec,464
Dec,434
Dec,419
Dec,412
Dec,411
Dec,411
Dec,409
Dec,413
Dec,413
Dec,417
Dec,416
Dec,417
Dec,419
Dec,414
Dec,413
Dec,414
Dec,413
Dec,413
Dec,414
Dec,414
Dec,413
Dec,413
Dec,414
Dec,415
Dec,416
Dec,416
Dec,420
Dec,418
Dec,416
Dec,417
Dec,416
Dec,417
Dec,414
Dec,412
Dec,415
Dec,412
Dec,411
Dec,409
Dec,413
Dec,413
Dec,411
Dec,409
Dec,409
Dec,409
Dec,409
Dec,411
Dec,412
Dec,412
Dec,412
Dec,410
Dec,409
Dec,409
Dec,409
Dec,411
Dec,411
Dec,411
Dec,410
Dec,410
Dec,409
Dec,410
Dec,414
Dec,412
Dec,412
Dec,415
Dec,416
Dec,415
Dec,414
Dec,415
Dec,416
Dec,417
Dec,415
Dec,417
Dec,418
Dec,417
Dec,417
Dec,418
Dec,416
Dec,416
Dec,417
Dec,419
Dec,414
Dec,415
Dec,416
Dec,414
Dec,417
Dec,417
Dec,417
Dec,417
Dec,418
Dec,418
Dec,418
Dec,420
Dec,417
Dec,418
Dec,418
Dec,418
Dec,418
Dec,419
Dec,418
Dec,420
Dec,424
Dec,422
Dec,421
Dec,420
Dec,422
Dec,424
Dec,424
Dec,425
Dec,423
Dec,421
Dec,423
Dec,423
Dec,425
Dec,426
Dec,430
Dec,430
Dec,428
Dec,448
Dec,464
Dec,459
Dec,452
Dec,440
Dec,438
Dec,443
Dec,445
Dec,445
Dec,445
Dec,448
Dec,454
Dec,462
Dec,467
Dec,464
Dec,464
Dec,464
Dec,464
Dec,464
Dec,464
Dec,464
Dec,464
Dec,464
Dec,464
Dec,464
Dec,464
Dec,464
Dec,464
Dec,464
Dec,464
Dec,464
Dec,464
Dec,464
Dec,464
Dec,464
Dec,464
Dec,464
Dec,464
Dec,464
Dec,464
Dec,464
Dec,464
Dec,464
Dec,464
Dec,464
Dec,464
Dec,464
Dec,464
Dec,464
Dec,464
Dec,464
Dec,464
Dec,464
Dec,464
Dec,464
Dec,464
Dec,464
Dec,464
Dec,464
Dec,464
Dec,464
Dec,464
Dec,464
Dec,464
Dec,464
Dec,464
Dec,464
Dec,464
Dec,464
Dec,464
Dec,464
Dec,464
Dec,464
Dec,464
Dec,464
Dec,464
Dec,464
Dec,464
Dec,464
Dec,464
Dec,464
Dec,464
Dec,464
Dec,464
Dec,464
Dec,464
Dec,464
Dec,464
Dec,464
Dec,464
Dec,464
Dec,464
Dec,464
Dec,464
Dec,464
Dec,464
Dec,464
Dec,464
Dec,464
Dec,464
Dec,464
Dec,464
Dec,464
Dec,464
Dec,464
Dec,464
Dec,464
Dec,464
Dec,464
Dec,464
Dec,464
Dec,464
Dec,464
Dec,464
Dec,464
Dec,464
Dec,464
Dec,464
Dec,464
Dec,464
Dec,464
Dec,464
Dec,464
Dec,464
Dec,464
Dec,464
Dec,464
Dec,464
Dec,464
Dec,464
Dec,464
Dec,464
Dec,464
Dec,464
Dec,464
Dec,464
Dec,464
Dec,464
Dec,464
Dec,464
Dec,464
Dec,464
Dec,464
Dec,464
Dec,464
Dec,464
Dec,464
Dec,464
Dec,464
Dec,464
Dec,464
Dec,464
Dec,464
Dec,464
Dec,464
Dec,464
Dec,464
Dec,464
Dec,464
Dec,464
Dec,464
Dec,464
Dec,464
Dec,464
Dec,464
Dec,464
Dec,464
Dec,464
Dec,464
Dec,464
Dec,464
Dec,464
Dec,464
Dec,464
Dec,464
Dec,464
Dec,464
Dec,464
Dec,464
Dec,464
Dec,464
Dec,464
Dec,464
Dec,464
Dec,464
Dec,464
Dec,464
Dec,464
Dec,464
Dec,464
Dec,464
Dec,464
Dec,464
Dec,464
Dec,464
Dec,464
Dec,464
Dec,464
Dec,464
Dec,464
Dec,464
Dec,464
Dec,464
Dec,464
Dec,464
Dec,464
Dec,464
Dec,464
Dec,464
Dec,464
Dec,464
Dec,464
Dec,464
Dec,464
Dec,464
Dec,464
Dec,464
Dec,464
Dec,464
Dec,464
Dec,464
Dec,464
Dec,464
Dec,464
Dec,464
Dec,464
Dec,464
Dec,464
Dec,464
Dec,464
Dec,464
Dec,464
Dec,464
Dec,464
Dec,464
Dec,464
Dec,464
Dec,464
Dec,464
Dec,464
Dec,464
Dec,464
Dec,464
Dec,464
Dec,464
Dec,464
Dec,464
Dec,464
Dec,464
Dec,464
Dec,464
Dec,464
Dec,464
Dec,464
Dec,464
Dec,464
Dec,464
Dec,464
Dec,464
Dec,464
Dec,464
Dec,464
Dec,464
Dec,464
Dec,464
Dec,464
Dec,464
Dec,464
Dec,464
Dec,464
Dec,464
Dec,464
Dec,464
Dec,464
Dec,464
Dec,464
Dec,464
Dec,464
Dec,464
Dec,464
Dec,464
Dec,464
Dec,464
Dec,464
Dec,464
Dec,464
Dec,464
Dec,464
Dec,464
Dec,464
Dec,464
Dec,464
Dec,464
Dec,464
Dec,464
Dec,464
Dec,464
Dec,464
Dec,464
Dec,464
Dec,464
Dec,464
Dec,464
Dec,464
Dec,464
Dec,464
Dec,464
Dec,464
Dec,464
Dec,464
Dec,464
Dec,464
Dec,464
Dec,464
Dec,464
Dec,464
Dec,464
Dec,464
Dec,464
Dec,464
Dec,464
Dec,464
Dec,464
Dec,464
Dec,464
Dec,464
Dec,464
Dec,464
Dec,464
Dec,464
Dec,464
Dec,464
Dec,464
Dec,464
Dec,464
Dec,464
Dec,464
Dec,464
Dec,464
Dec,464
Dec,464
Dec,464
Dec,464
Dec,464
Dec,464
Dec,464
Dec,464
Dec,464
Dec,464
Dec,464
Dec,464
Dec,464
Dec,464
Dec,464
Dec,464
Dec,464
Dec,464
Dec,464
Dec,464
Dec,464
Dec,464
Dec,464
Dec,464
Dec,464
Dec,464
Dec,464
Dec,464
Dec,464
Dec,464
Dec,464
Dec,464
Dec,464
Dec,464
Dec,464
Dec,464
Dec,464
Dec,464
Dec,464
Dec,464
Dec,464
Dec,464
Dec,464
Dec,464
Dec,464
Dec,464
Dec,464
Dec,464
Dec,464
Dec,464
Dec,464
Dec,464
Dec,464
Dec,464
Dec,464
Dec,464
Dec,464
Dec,464
Dec,464
Dec,464
Dec,464
Dec,464
Dec,464
Dec,464
Dec,464
Dec,464
Dec,464
Dec,464
Dec,464
Dec,464
Dec,464
Dec,464
Dec,464
Dec,464
Dec,464
Dec,464
Dec,464
Dec,464
Dec,464
Dec,464
Dec,464
Dec,464
Dec,464
Dec,464
Dec,464
Dec,464
Dec,464
Dec,464
Dec,464
Dec,464
Dec,464
Dec,464
Dec,464
Dec,464
Dec,464
Dec,464
Dec,464
Dec,464
Dec,464
Dec,464
Dec,464
Dec,464
Dec,464
Dec,464
Dec,464
Dec,464
Dec,464
Dec,464
Dec,464
Dec,464
Dec,464
Dec,464
Dec,464
Dec,464
Dec,464
Dec,464
Dec,464
Dec,464
Dec,464
Dec,464
Dec,464
Dec,464
Dec,464
Dec,464
Dec,464
Dec,464
Dec,464
Dec,464
Dec,464
Dec,464
Dec,464
Dec,464
Dec,464
Dec,464
Dec,464
Dec,464
Dec,464
Dec,464
Dec,464
Dec,464
Dec,464
Dec,464
Dec,464
Dec,464
Dec,464
Dec,464
Dec,418
Dec,416
Dec,416
Dec,417
Dec,419
Dec,414
Dec,415
Dec,416
Dec,414
Dec,417
Dec,417
Dec,417
Dec,417
Dec,418
Dec,418
Dec,418
Dec,420
Dec,417
Dec,418
Dec,418
Dec,418
Dec,418
Dec,419
Dec,418
Dec,420
Dec,424
Dec,422
Dec,421
Dec,420
Dec,422
Dec,424
Dec,424
Dec,425
Dec,423
Dec,421
Dec,423
Dec,423
Dec,425
Dec,426
Dec,430
Dec,430
Dec,428
Dec,448
Dec,464
Dec,459
Dec,452
Dec,440
Dec,438
Dec,443
Dec,445
Dec,445
Dec,445
Dec,448
Dec,454
Dec,462
Dec,467
Dec,464
Dec,464
Dec,464
Dec,464
Dec,464
Dec,464
Dec,464
Dec,464
Dec,464
Dec,464
Dec,464
Dec,464
Dec,464
Dec,464
Dec,464
Dec,464
Dec,464
Dec,464
Dec,464
Dec,464
Dec,464
Dec,464
Dec,464
Dec,464
Dec,464
Dec,464
Dec,464
Dec,464
Dec,464
Dec,464
Dec,464
Dec,464
Dec,464
Dec,464
Dec,464
Dec,464
Dec,464
Dec,464
Dec,464
Dec,464
Dec,464
Dec,464
Dec,464
Dec,464
Dec,464
Dec,464
Dec,464
Dec,464
Dec,464
Dec,464
Dec,464
Dec,464
Dec,464
Dec,464
Dec,464
Dec,464
Dec,464
Dec,464
Dec,464
Dec,464
Dec,464
Dec,464
Dec,464
Dec,464
Dec,464
Dec,464
Dec,464
Dec,464
Dec,464
Dec,464
Dec,464
Dec,464
Dec,464
Dec,464
Dec,464
Dec,464
Dec,464
Dec,464
Dec,464
Dec,464
Dec,464
Dec,464
Dec,464
Dec,464
Dec,464
Dec,464
Dec,464
Dec,464
Dec,464
Dec,464
Dec,464
Dec,464
Dec,464
Dec,464
Dec,464
Dec,464
Dec,464
Dec,464
Dec,464
Dec,464
Dec,464
Dec,464
Dec,464
Dec,464
Dec,464
Dec,464
Dec,464
Dec,464
Dec,464
Dec,464
Dec,464
Dec,464
Dec,464
Dec,464
Dec,464
Dec,464
Dec,464
Dec,464
Dec,464
Dec,464
Dec,464
Dec,464
Dec,464
Dec,464
Dec,464
Dec,464
Dec,464
Dec,464
Dec,464
Dec,464
Dec,464
Dec,464
Dec,464
Dec,464
Dec,464
Dec,464
Dec,464
Dec,464
Dec,464
Dec,464
Dec,464
Dec,464
Dec,464
Dec,464
Dec,464
Dec,464
Dec,464
Dec,464
Dec,464
Dec,464
Dec,464
Dec,464
Dec,464
Dec,464
Dec,464
Dec,464
Dec,464
Dec,464
Dec,464
Dec,464
Dec,464
Dec,464
Dec,464
Dec,464
Dec,464
Dec,464
Dec,464
Dec,464
Dec,464
Dec,464
Dec,464
Dec,464
Dec,464
Dec,464
Dec,464
Dec,464
Dec,464
Dec,464
Dec,464
Dec,464
Dec,464
Dec,464
Dec,464
Dec,464
Dec,464
Dec,464
Dec,464
Dec,464
Dec,464
Dec,464
Dec,464
Dec,464
Dec,464
Dec,464
Dec,464
Dec,464
Dec,464
Dec,464
Dec,464
Dec,464
Dec,464
Dec,464
Dec,464
Dec,464
Dec,464
Dec,464
Dec,464
Dec,464
Dec,464
Dec,464
Dec,464
Dec,464
Dec,464
Dec,464
Dec,464
Dec,464
Dec,464
Dec,464
Dec,464
Dec,464
Dec,464
Dec,464
Dec,464
Dec,464
Dec,464
Dec,464
Dec,464
Dec,464
Dec,464
Dec,464
Dec,464
Dec,464
Dec,464
Dec,464
Dec,464
Dec,464
Dec,464
Dec,464
Dec,464
Dec,464
Dec,464
Dec,464
Dec,464
Dec,464
Dec,464
Dec,464
Dec,464
Dec,464
Dec,464
Dec,464
Dec,464
Dec,464
Dec,464
Dec,464
Dec,464
Dec,464
Dec,464
Dec,464
Dec,464
Dec,464
Dec,464
Dec,464
Dec,464
Dec,464
Dec,464
Dec,464
Dec,464
Dec,464
Dec,464
Dec,464
Dec,464
Dec,464
Dec,464
Dec,464
Dec,464
Dec,464
Dec,464
Dec,464
Dec,464
Dec,464
Dec,464
Dec,464
Dec,464
Dec,464
Dec,464
Dec,464
Dec,464
Dec,464
Dec,464
Dec,464
Dec,464
Dec,464
Dec,464
Dec,464
Dec,464
Dec,464
Dec,464
Dec,464
Dec,464
Dec,464
Dec,464
Dec,464
Dec,464
Dec,464
Dec,464
Dec,464
Dec,464
Dec,464
Dec,464
Dec,464
Dec,464
Dec,464
Dec,464
Dec,464
Dec,464
Dec,464
Dec,464
Dec,464
Dec,464
Dec,464
Dec,464
Dec,464
Dec,464
Dec,464
Dec,464
Dec,464
Dec,464
Dec,464
Dec,464
Dec,464
Dec,464
Dec,464
Dec,464
Dec,464
Dec,464
Dec,464
Dec,464
Dec,464
Dec,464
Dec,464
Dec,464
Dec,464
Dec,464
Dec,464
Dec,464
Dec,464
Dec,464
Dec,464
Dec,464
Dec,464
Dec,464
Dec,464
Dec,464
Dec,464
Dec,464
Dec,464
Dec,464
Dec,464
Dec,464
Dec,464
Dec,464
Dec,464
Dec,464
Dec,464
Dec,464
Dec,464
Dec,464
Dec,464
Dec,464
Dec,464
Dec,464
Dec,464
Dec,464
Dec,464
Dec,464
Dec,464
Dec,464
Dec,464
Dec,464
Dec,464
Dec,464
Dec,464
Dec,464
Dec,464
Dec,464
Dec,464
Dec,464
Dec,464
Dec,464
Dec,464
Dec,464
Dec,464
Dec,464
Dec,464
Dec,464
Dec,464
Dec,464
Dec,464
Dec,464
Dec,464
Dec,464
Dec,464
Dec,464
Dec,464
Dec,464
Dec,464
Dec,464
Dec,464
Dec,464
Dec,464
Dec,464
Dec,464
Dec,464
Dec,464
Dec,464
Dec,464
Dec,464
Dec,464
Dec,464
Dec,464
Dec,464
Dec,464
Dec,464
Dec,464
Dec,464
Dec,464
Dec,464
Dec,464
Dec,464
Dec,464
Dec,464
Dec,464
Dec,464
Dec,464
Dec,464
Dec,464
Dec,464
Dec,464
Dec,464
Dec,464
Dec,464
Dec,464
Dec,464
Dec,464
Dec,464
Dec,464
Dec,464
Dec,464
Dec,464
Dec,464
Dec,464
Dec,464
Dec,464
Dec,464
Dec,464
Dec,464
Dec,464
Dec,464
Dec,464
Dec,464
Dec,464
Dec,464
Dec,464
Dec,464
Dec,464
Dec,464
Dec,464
Dec,464
Dec,464
Dec,464
Dec,464
Dec,412
Dec,410
Dec,411
Dec,412
Dec,412
Dec,412
Dec,413
Dec,410
Dec,408
Dec,407
Dec,409
Dec,410
Dec,411
Dec,412
Dec,413
Dec,411
Dec,410
Dec,409
Dec,408
Dec,411
Dec,411
Dec,411
Dec,411
Dec,410
Dec,410
Dec,409
Dec,409
Dec,409
Dec,410
Dec,410
Dec,413
Dec,412
Dec,410
Dec,410
Dec,410
Dec,412
Dec,411
Dec,409
Dec,411
Dec,412
Dec,411
Dec,412
Dec,412
Dec,410
Dec,412
Dec,411
Dec,412
Dec,412
Dec,412
Dec,410
Dec,411
Dec,412
Dec,412
Dec,412
Dec,413
Dec,410
Dec,408
Dec,407
Dec,409
Dec,410
Dec,411
Dec,412
Dec,413
Dec,411
Dec,410
Dec,409
Dec,408
Dec,411
Dec,411
Dec,411
Dec,411
Dec,410
Dec,410
Dec,409
Dec,409
Dec,409
Dec,410
Dec,410
Dec,413
Dec,412
Dec,410
Dec,410
Dec,410
Dec,412
Dec,411
Dec,409
Dec,411
Dec,412
Dec,411
Dec,412
Dec,412
Dec,410
Dec,412
Dec,411
Dec,412
Dec,412
Dec,411
Dec,412
Dec,413
Dec,411
Dec,410
Dec,413
Dec,412
Dec,412
Dec,411
Dec,411
Dec,412
Dec,411
Dec,410
Dec,412
Dec,410
Dec,411
Dec,410
Dec,412
Dec,410
Dec,410
Dec,411
Dec,409
Dec,408
Dec,409
Dec,409
Dec,408
Dec,408
Dec,407
Dec,407
Dec,407
Dec,409
Dec,407
Dec,408
Dec,408
Dec,409
Dec,406
Dec,407
Dec,409
Dec,408
Dec,406
Dec,406
Dec,406
Dec,408
Dec,407
Dec,407
Dec,408
Dec,408
Dec,408
Dec,408
Dec,406
Dec,408
Dec,408
Dec,408
Dec,409
Dec,408
Dec,411
Dec,413
Dec,413
Dec,413
Dec,414
Dec,412
Dec,413
Dec,413
Dec,414
Dec,413
Dec,413
Dec,415
Dec,415
Dec,414
Dec,414
Dec,413
Dec,412
Dec,413
Dec,414
Dec,414
Dec,414
Dec,414
Dec,414
Dec,413
Dec,414
Dec,411
Dec,407
Dec,407
Dec,407
Dec,406
Dec,405
Dec,403
Dec,404
Dec,404
Dec,405
Dec,404
Dec,405
Dec,405
Dec,405
Dec,404
Dec,403
Dec,403
Dec,403
Dec,402
Dec,403
Dec,403
Dec,404
Dec,404
Dec,403
Dec,404
Dec,402
Dec,411
Dec,412
Dec,413
Dec,411
Dec,410
Dec,413
Dec,412
Dec,412
Dec,411
Dec,411
Dec,412
Dec,411
Dec,410
Dec,412
Dec,410
Dec,411
Dec,410
Dec,412
Dec,410
Dec,410
Dec,411
Dec,409
Dec,408
Dec,409
Dec,409
Dec,408
Dec,408
Dec,407
Dec,407
Dec,407
Dec,409
Dec,407
Dec,408
Dec,408
Dec,409
Dec,406
Dec,407
Dec,409
Dec,408
Dec,406
Dec,406
Dec,406
Dec,408
Dec,407
Dec,407
Dec,408
Dec,408
Dec,408
Dec,408
Dec,406
Dec,408
Dec,408
Dec,408
Dec,409
Dec,408
Dec,411
Dec,413
Dec,413
Dec,413
Dec,414
Dec,412
Dec,413
Dec,413
Dec,414
Dec,413
Dec,413
Dec,415
Dec,415
Dec,414
Dec,414
Dec,413
Dec,412
Dec,413
Dec,414
Dec,414
Dec,414
Dec,414
Dec,414
Dec,413
Dec,414
Dec,411
Dec,407
Dec,407
Dec,407
Dec,406
Dec,405
Dec,403
Dec,404
Dec,404
Dec,405
Dec,404
Dec,405
Dec,405
Dec,405
Dec,404
Dec,403
Dec,403
Dec,403
Dec,402
Dec,403
Dec,403
Dec,404
Dec,404
Dec,403
Dec,404
Dec,402
Dec,404
Dec,402
Dec,401
Dec,402
Dec,404
Dec,402
Dec,403
Dec,404
Dec,403
Dec,403
Dec,404
Dec,405
Dec,405
Dec,406
Dec,406
Dec,405
Dec,408
Dec,407
Dec,405
Dec,405
Dec,408
Dec,404
Dec,407
Dec,405
Dec,405
Dec,406
Dec,408
Dec,408
Dec,407
Dec,409
Dec,408
Dec,407
Dec,407
Dec,408
Dec,409
Dec,409
Dec,407
Dec,408
Dec,409
Dec,409
Dec,412
Dec,411
Dec,415
Dec,416
Dec,416
Dec,420
Dec,427
Dec,424
Dec,416
Dec,419
Dec,419
Dec,421
Dec,421
Dec,417
Dec,417
Dec,418
Dec,421
Dec,422
Dec,417
Dec,417
Dec,416
Dec,417
Dec,415
Dec,417
Dec,414
Dec,415
Dec,414
Dec,418
Dec,414
Dec,414
Dec,414
Dec,411
Dec,411
Dec,409
Dec,409
Dec,409
Dec,411
Dec,411
Dec,410
Dec,410
Dec,410
Dec,409
Dec,409
Dec,409
Dec,408
Dec,407
Dec,409
Dec,408
Dec,407
Dec,409
Dec,408
Dec,410
Dec,410
Dec,411
Dec,415
Dec,415
Dec,414
Dec,416
Dec,419
Dec,421
Dec,426
Dec,429
Dec,430
Dec,434
Dec,432
Dec,433
Dec,429
Dec,429
Dec,434
Dec,437
Dec,439
Dec,446
Dec,459
Dec,459
Dec,451
Dec,453
Dec,456
Dec,471
Dec,461
Dec,445
Dec,438
Dec,444
Dec,461
Dec,460
Dec,466
Dec,476
Dec,481
Dec,476
Dec,473
Dec,464
Dec,437
Dec,432
Dec,439
Dec,448
Dec,461
Dec,471
Dec,477
Dec,488
Dec,493
Dec,496
Dec,497
Dec,500
Dec,507
Dec,502
Dec,404
Dec,402
Dec,401
Dec,402
Dec,404
Dec,402
Dec,403
Dec,404
Dec,403
Dec,403
Dec,404
Dec,405
Dec,405
Dec,406
Dec,406
Dec,405
Dec,408
Dec,407
Dec,405
Dec,405
Dec,408
Dec,404
Dec,407
Dec,405
Dec,405
Dec,406
Dec,408
Dec,408
Dec,407
Dec,409
Dec,408
Dec,407
Dec,407
Dec,408
Dec,409
Dec,409
Dec,407
Dec,408
Dec,409
Dec,409
Dec,412
Dec,411
Dec,415
Dec,416
Dec,416
Dec,420
Dec,427
Dec,424
Dec,416
Dec,419
Dec,419
Dec,421
Dec,421
Dec,417
Dec,417
Dec,418
Dec,421
Dec,422
Dec,417
Dec,417
Dec,416
Dec,417
Dec,415
Dec,417
Dec,414
Dec,415
Dec,414
Dec,418
Dec,414
Dec,414
Dec,414
Dec,411
Dec,411
Dec,409
Dec,409
Dec,409
Dec,411
Dec,411
Dec,410
Dec,410
Dec,410
Dec,409
Dec,409
Dec,409
Dec,408
Dec,407
Dec,409
Dec,408
Dec,407
Dec,409
Dec,408
Dec,410
Dec,410
Dec,411
Dec,415
Dec,415
Dec,414
Dec,416
Dec,419
Dec,421
Dec,426
Dec,429
Dec,430
Dec,434
Dec,432
Dec,433
Dec,429
Dec,429
Dec,434
Dec,437
Dec,439
Dec,446
Dec,459
Dec,459
Dec,451
Dec,453
Dec,456
Dec,471
Dec,461
Dec,445
Dec,438
Dec,444
Dec,461
Dec,460
Dec,466
Dec,476
Dec,481
Dec,476
Dec,473
Dec,464
Dec,437
Dec,432
Dec,439
Dec,448
Dec,461
Dec,471
Dec,477
Dec,488
Dec,493
Dec,496
Dec,497
Dec,500
Dec,507
Dec,502
Dec,498
Dec,503
Dec,504
Dec,503
Dec,500
Dec,497
Dec,494
Dec,477
Dec,476
Dec,476
Dec,476
Dec,480
Dec,479
Dec,480
Dec,482
Dec,480
Dec,481
Dec,480
Dec,481
Dec,484
Dec,481
Dec,476
Dec,485
Dec,464
Dec,426
Dec,417
Dec,415
Dec,414
Dec,415
Dec,414
Dec,417
Dec,416
Dec,415
Dec,418
Dec,419
Dec,416
Dec,415
Dec,415
Dec,415
Dec,417
Dec,420
Dec,420
Dec,420
Dec,422
Dec,417
Dec,417
Dec,419
Dec,421
Dec,420
Dec,422
Dec,421
Dec,426
Dec,431
Dec,431
Dec,427
Dec,425
Dec,428
Dec,414
Dec,414
Dec,414
Dec,411
Dec,413
Dec,415
Dec,419
Dec,417
Dec,416
Dec,417
Dec,414
Dec,415
Dec,413
Dec,414
Dec,413
Dec,413
Dec,413
Dec,412
Dec,413
Dec,411
Dec,414
Dec,413
Dec,415
Dec,413
Dec,413
Dec,412
Dec,411
Dec,412
Dec,411
Dec,411
Dec,412
Dec,411
Dec,412
Dec,414
Dec,414
Dec,415
Dec,415
Dec,415
Dec,416
Dec,414
Dec,414
Dec,415
Dec,414
Dec,414
Dec,417
Dec,413
Dec,415
Dec,415
Dec,419
Dec,418
Dec,421
Dec,422
Dec,422
Dec,420
Dec,420
Dec,423
Dec,425
Dec,424
Dec,424
Dec,422
Dec,427
Dec,429
Dec,430
Dec,425
Dec,432
Dec,433
Dec,432
Dec,430
Dec,432
Dec,436
Dec,433
Dec,434
Dec,439
Dec,437
Dec,437
Dec,434
Dec,436
Dec,436
Dec,435
Dec,439
Dec,437
Dec,433
Dec,433
Dec,439
Dec,435
Dec,430
Dec,430
Dec,498
Dec,503
Dec,504
Dec,503
Dec,500
Dec,497
Dec,494
Dec,477
Dec,476
Dec,476
Dec,476
Dec,480
Dec,479
Dec,480
Dec,482
Dec,480
Dec,481
Dec,480
Dec,481
Dec,484
Dec,481
Dec,476
Dec,485
Dec,464
Dec,426
Dec,417
Dec,415
Dec,414
Dec,415
Dec,414
Dec,417
Dec,416
Dec,415
Dec,418
Dec,419
Dec,416
Dec,415
Dec,415
Dec,415
Dec,417
Dec,420
Dec,420
Dec,420
Dec,422
Dec,417
Dec,417
Dec,419
Dec,421
Dec,420
Dec,422
Dec,421
Dec,426
Dec,431
Dec,431
Dec,427
Dec,425
Dec,428
Dec,414
Dec,414
Dec,414
Dec,411
Dec,413
Dec,415
Dec,419
Dec,417
Dec,416
Dec,417
Dec,414
Dec,415
Dec,413
Dec,414
Dec,413
Dec,413
Dec,413
Dec,412
Dec,413
Dec,411
Dec,414
Dec,413
Dec,415
Dec,413
Dec,413
Dec,412
Dec,411
Dec,412
Dec,411
Dec,411
Dec,412
Dec,411
Dec,412
Dec,414
Dec,414
Dec,415
Dec,415
Dec,415
Dec,416
Dec,414
Dec,414
Dec,415
Dec,414
Dec,414
Dec,417
Dec,413
Dec,415
Dec,415
Dec,419
Dec,418
Dec,421
Dec,422
Dec,422
Dec,420
Dec,420
Dec,423
Dec,425
Dec,424
Dec,424
Dec,422
Dec,427
Dec,429
Dec,430
Dec,425
Dec,432
Dec,433
Dec,432
Dec,430
Dec,432
Dec,436
Dec,433
Dec,434
Dec,439
Dec,437
Dec,437
Dec,434
Dec,436
Dec,436
Dec,435
Dec,439
Dec,437
Dec,433
Dec,433
Dec,439
Dec,435
Dec,430
Dec,430
Dec,432
Dec,430
Dec,428
Dec,430
Dec,431
Dec,431
Dec,431
Dec,434
Dec,439
Dec,439
Dec,440
Dec,443
Dec,452
Dec,447
Dec,440
Dec,446
Dec,441
Dec,442
Dec,438
Dec,445
Dec,438
Dec,441
Dec,439
Dec,438
Dec,437
Dec,435
Dec,435
Dec,438
Dec,439
Dec,445
Dec,445
Dec,443
Dec,444
Dec,450
Dec,456
Dec,456
Dec,456
Dec,448
Dec,454
Dec,448
Dec,444
Dec,448
Dec,457
Dec,451
Dec,445
Dec,459
Dec,457
Dec,457
Dec,457
Dec,452
Dec,448
Dec,450
Dec,452
Dec,448
Dec,445
Dec,449
Dec,448
Dec,451
Dec,453
Dec,448
Dec,447
Dec,448
Dec,449
Dec,457
Dec,453
Dec,465
Dec,452
Dec,449
Dec,446
Dec,448
Dec,450
Dec,449
Dec,456
Dec,448
Dec,453
Dec,459
Dec,450
Dec,451
Dec,452
Dec,456
Dec,459
Dec,450
Dec,447
Dec,455
Dec,450
Dec,449
Dec,451
Dec,454
Dec,451
Dec,453
Dec,455
Dec,457
Dec,452
Dec,448
Dec,446
Dec,457
Dec,476
Dec,461
Dec,465
Dec,454
Dec,458
Dec,462
Dec,459
Dec,469
Dec,470
Dec,462
Dec,471
Dec,461
Dec,469
Dec,478
Dec,488
Dec,490
Dec,487
Dec,487
Dec,508
Dec,512
Dec,510
Dec,510
Dec,506
Dec,501
Dec,499
Dec,495
Dec,496
Dec,498
Dec,492
Dec,484
Dec,461
Dec,447
Dec,446
Dec,435
Dec,432
Dec,435
Dec,442
Dec,443
Dec,441
Dec,442
Dec,449
Dec,446
Dec,445
Dec,450
Dec,448
Dec,442
Dec,446
Dec,439
Dec,432
Dec,430
Dec,428
Dec,430
Dec,431
Dec,431
Dec,431
Dec,434
Dec,439
Dec,439
Dec,440
Dec,443
Dec,452
Dec,447
Dec,440
Dec,446
Dec,441
Dec,442
Dec,438
Dec,445
Dec,438
Dec,441
Dec,439
Dec,438
Dec,437
Dec,435
Dec,435
Dec,438
Dec,439
Dec,445
Dec,445
Dec,443
Dec,444
Dec,450
Dec,456
Dec,456
Dec,456
Dec,448
Dec,454
Dec,448
Dec,444
Dec,448
Dec,457
Dec,451
Dec,445
Dec,459
Dec,457
Dec,457
Dec,457
Dec,452
Dec,448
Dec,450
Dec,452
Dec,448
Dec,445
Dec,449
Dec,448
Dec,451
Dec,453
Dec,448
Dec,447
Dec,448
Dec,449
Dec,457
Dec,453
Dec,465
Dec,452
Dec,449
Dec,446
Dec,448
Dec,450
Dec,449
Dec,456
Dec,448
Dec,453
Dec,459
Dec,450
Dec,451
Dec,452
Dec,456
Dec,459
Dec,450
Dec,447
Dec,455
Dec,450
Dec,449
Dec,451
Dec,454
Dec,451
Dec,453
Dec,455
Dec,457
Dec,452
Dec,448
Dec,446
Dec,457
Dec,476
Dec,461
Dec,465
Dec,454
Dec,458
Dec,462
Dec,459
Dec,469
Dec,470
Dec,462
Dec,471
Dec,461
Dec,469
Dec,478
Dec,488
Dec,490
Dec,487
Dec,487
Dec,508
Dec,512
Dec,510
Dec,510
Dec,506
Dec,501
Dec,499
Dec,495
Dec,496
Dec,498
Dec,492
Dec,484
Dec,461
Dec,447
Dec,446
Dec,435
Dec,432
Dec,435
Dec,442
Dec,443
Dec,441
Dec,442
Dec,449
Dec,446
Dec,445
Dec,450
Dec,448
Dec,442
Dec,446
Dec,439
Dec,448
Dec,455
Dec,452
Dec,452
Dec,450
Dec,443
Dec,446
Dec,447
Dec,439
Dec,433
Dec,432
Dec,433
Dec,434
Dec,440
Dec,440
Dec,435
Dec,432
Dec,442
Dec,448
Dec,447
Dec,453
Dec,453
Dec,440
Dec,439
Dec,443
Dec,445
Dec,442
Dec,436
Dec,444
Dec,437
Dec,433
Dec,435
Dec,433
Dec,444
Dec,438
Dec,441
Dec,441
Dec,449
Dec,474
Dec,443
Dec,439
Dec,444
Dec,450
Dec,442
Dec,443
Dec,438
Dec,436
Dec,429
Dec,432
Dec,439
Dec,446
Dec,434
Dec,433
Dec,437
Dec,437
Dec,429
Dec,429
Dec,435
Dec,431
Dec,429
Dec,428
Dec,429
Dec,425
Dec,425
Dec,428
Dec,426
Dec,424
Dec,425
Dec,423
Dec,425
Dec,423
Dec,423
Dec,426
Dec,423
Dec,421
Dec,421
Dec,420
Dec,419
Dec,418
Dec,423
Dec,424
Dec,423
Dec,425
Dec,431
Dec,431
Dec,427
Dec,424
Dec,425
Dec,426
Dec,427
Dec,426
Dec,427
Dec,429
Dec,427
Dec,427
Dec,427
Dec,428
Dec,429
Dec,426
Dec,429
Dec,431
Dec,426
Dec,426
Dec,426
Dec,430
Dec,436
Dec,435
Dec,433
Dec,443
Dec,450
Dec,457
Dec,452
Dec,460
Dec,452
Dec,460
Dec,452
Dec,455
Dec,452
Dec,456
Dec,455
Dec,450
Dec,464
Dec,454
Dec,452
Dec,465
Dec,459
Dec,476
Dec,489
Dec,498
Dec,494
Dec,497
Dec,502
Dec,485
Dec,487
Dec,494
Dec,489
Dec,495
Dec,500
Dec,490
Dec,478
Dec,480
Dec,468
Dec,465
Dec,471
Dec,448
Dec,455
Dec,452
Dec,452
Dec,450
Dec,443
Dec,446
Dec,447
Dec,439
Dec,433
Dec,432
Dec,433
Dec,434
Dec,440
Dec,440
Dec,435
Dec,432
Dec,442
Dec,448
Dec,447
Dec,453
Dec,453
Dec,440
Dec,439
Dec,443
Dec,445
Dec,442
Dec,436
Dec,444
Dec,437
Dec,433
Dec,435
Dec,433
Dec,444
Dec,438
Dec,441
Dec,441
Dec,449
Dec,474
Dec,443
Dec,439
Dec,444
Dec,450
Dec,442
Dec,443
Dec,438
Dec,436
Dec,429
Dec,432
Dec,439
Dec,446
Dec,434
Dec,433
Dec,437
Dec,437
Dec,429
Dec,429
Dec,435
Dec,431
Dec,429
Dec,428
Dec,429
Dec,425
Dec,425
Dec,428
Dec,426
Dec,424
Dec,425
Dec,423
Dec,425
Dec,423
Dec,423
Dec,426
Dec,423
Dec,421
Dec,421
Dec,420
Dec,419
Dec,418
Dec,423
Dec,424
Dec,423
Dec,425
Dec,431
Dec,431
Dec,427
Dec,424
Dec,425
Dec,426
Dec,427
Dec,426
Dec,427
Dec,429
Dec,427
Dec,427
Dec,427
Dec,428
Dec,429
Dec,426
Dec,429
Dec,431
Dec,426
Dec,426
Dec,426
Dec,430
Dec,436
Dec,435
Dec,433
Dec,443
Dec,450
Dec,457
Dec,452
Dec,460
Dec,452
Dec,460
Dec,452
Dec,455
Dec,452
Dec,456
Dec,455
Dec,450
Dec,464
Dec,454
Dec,452
Dec,465
Dec,459
Dec,476
Dec,489
Dec,498
Dec,494
Dec,497
Dec,502
Dec,485
Dec,487
Dec,494
Dec,489
Dec,495
Dec,500
Dec,490
Dec,478
Dec,480
Dec,468
Dec,465
Dec,471
Dec,472
Dec,468
Dec,467
Dec,463
Dec,465
Dec,481
Dec,486
Dec,494
Dec,493
Dec,486
Dec,494
Dec,498
Dec,487
Dec,493
Dec,486
Dec,482
Dec,492
Dec,480
Dec,491
Dec,477
Dec,479
Dec,483
Dec,478
Dec,476
Dec,476
Dec,482
Dec,496
Dec,490
Dec,490
Dec,487
Dec,481
Dec,478
Dec,478
Dec,488
Dec,490
Dec,494
Dec,503
Dec,495
Dec,492
Dec,497
Dec,498
Dec,496
Dec,500
Dec,520
Dec,540
Dec,538
Dec,528
Dec,523
Dec,530
Dec,530
Dec,503
Dec,489
Dec,471
Dec,451
Dec,448
Dec,441
Dec,440
Dec,442
Dec,434
Dec,437
Dec,435
Dec,433
Dec,434
Dec,434
Dec,431
Dec,430
Dec,429
Dec,429
Dec,428
Dec,431
Dec,440
Dec,450
Dec,435
Dec,430
Dec,433
Dec,440
Dec,432
Dec,431
Dec,430
Dec,431
Dec,434
Dec,431
Dec,428
Dec,430
Dec,429
Dec,435
Dec,436
Dec,438
Dec,434
Dec,440
Dec,444
Dec,436
Dec,450
Dec,456
Dec,445
Dec,463
Dec,464
Dec,472
Dec,482
Dec,491
Dec,488
Dec,488
Dec,489
Dec,495
Dec,496
Dec,493
Dec,493
Dec,495
Dec,495
Dec,495
Dec,487
Dec,486
Dec,485
Dec,485
Dec,484
Dec,482
Dec,481
Dec,478
Dec,478
Dec,479
Dec,471
Dec,473
Dec,475
Dec,482
Dec,483
Dec,477
Dec,478
Dec,482
Dec,490
Dec,480
Dec,475
Dec,474
Dec,464
Dec,465
Dec,459
Dec,457
Dec,454
Dec,462
Dec,461
Dec,462
Dec,458
Dec,459
Dec,462
Dec,462
Dec,472
Dec,468
Dec,467
Dec,463
Dec,465
Dec,481
Dec,486
Dec,494
Dec,493
Dec,486
Dec,494
Dec,498
Dec,487
Dec,493
Dec,486
Dec,482
Dec,492
Dec,480
Dec,491
Dec,477
Dec,479
Dec,483
Dec,478
Dec,476
Dec,476
Dec,482
Dec,496
Dec,490
Dec,490
Dec,487
Dec,481
Dec,478
Dec,478
Dec,488
Dec,490
Dec,494
Dec,503
Dec,495
Dec,492
Dec,497
Dec,498
Dec,496
Dec,500
Dec,520
Dec,540
Dec,538
Dec,528
Dec,523
Dec,530
Dec,530
Dec,503
Dec,489
Dec,471
Dec,451
Dec,448
Dec,441
Dec,440
Dec,442
Dec,434
Dec,437
Dec,435
Dec,433
Dec,434
Dec,434
Dec,431
Dec,430
Dec,429
Dec,429
Dec,428
Dec,431
Dec,440
Dec,450
Dec,435
Dec,430
Dec,433
Dec,440
Dec,432
Dec,431
Dec,430
Dec,431
Dec,434
Dec,431
Dec,428
Dec,430
Dec,429
Dec,435
Dec,436
Dec,438
Dec,434
Dec,440
Dec,444
Dec,436
Dec,450
Dec,456
Dec,445
Dec,463
Dec,464
Dec,472
Dec,482
Dec,491
Dec,488
Dec,488
Dec,489
Dec,495
Dec,496
Dec,493
Dec,493
Dec,495
Dec,495
Dec,495
Dec,487
Dec,486
Dec,485
Dec,485
Dec,484
Dec,482
Dec,481
Dec,478
Dec,478
Dec,479
Dec,471
Dec,473
Dec,475
Dec,482
Dec,483
Dec,477
Dec,478
Dec,482
Dec,490
Dec,480
Dec,475
Dec,474
Dec,464
Dec,465
Dec,459
Dec,457
Dec,454
Dec,462
Dec,461
Dec,462
Dec,458
Dec,459
Dec,462
Dec,462
Dec,459
Dec,456
Dec,453
Dec,454
Dec,450
Dec,453
Dec,454
Dec,454
Dec,448
Dec,446
Dec,457
Dec,457
Dec,448
Dec,446
Dec,445
Dec,450
Dec,449
Dec,449
Dec,450
Dec,452
Dec,454
Dec,451
Dec,456
Dec,453
Dec,456
Dec,457
Dec,452
Dec,460
Dec,473
Dec,469
Dec,468
Dec,462
Dec,468
Dec,468
Dec,460
Dec,462
Dec,466
Dec,465
Dec,466
Dec,469
Dec,472
Dec,468
Dec,473
Dec,475
Dec,473
Dec,471
Dec,470
Dec,473
Dec,473
Dec,489
Dec,481
Dec,477
Dec,478
Dec,482
Dec,483
Dec,486
Dec,477
Dec,478
Dec,480
Dec,481
Dec,482
Dec,477
Dec,475
Dec,468
Dec,469
Dec,475
Dec,471
Dec,475
Dec,476
Dec,477
Dec,474
Dec,469
Dec,468
Dec,459
Dec,458
Dec,458
Dec,462
Dec,462
Dec,459
Dec,457
Dec,460
Dec,463
Dec,458
Dec,461
Dec,459
Dec,461
Dec,461
Dec,463
Dec,466
Dec,470
Dec,470
Dec,465
Dec,461
Dec,467
Dec,476
Dec,474
Dec,480
Dec,489
Dec,494
Dec,491
Dec,488
Dec,481
Dec,478
Dec,480
Dec,488
Dec,496
Dec,507
Dec,512
Dec,496
Dec,489
Dec,490
Dec,479
Dec,472
Dec,478
Dec,472
Dec,480
Dec,495
Dec,481
Dec,476
Dec,477
Dec,492
Dec,504
Dec,511
Dec,515
Dec,519
Dec,500
Dec,506
Dec,491
Dec,484
Dec,488
Dec,494
Dec,503
Dec,516
Dec,537
Dec,545
Dec,544
Dec,549
Dec,551
Dec,528
Dec,526
Dec,527
Dec,507
Dec,490
Dec,483
Dec,459
Dec,456
Dec,453
Dec,454
Dec,450
Dec,453
Dec,454
Dec,454
Dec,448
Dec,446
Dec,457
Dec,457
Dec,448
Dec,446
Dec,445
Dec,450
Dec,449
Dec,449
Dec,450
Dec,452
Dec,454
Dec,451
Dec,456
Dec,453
Dec,456
Dec,457
Dec,452
Dec,460
Dec,473
Dec,469
Dec,468
Dec,462
Dec,468
Dec,468
Dec,460
Dec,462
Dec,466
Dec,465
Dec,466
Dec,469
Dec,472
Dec,468
Dec,473
Dec,475
Dec,473
Dec,471
Dec,470
Dec,473
Dec,473
Dec,489
Dec,481
Dec,477
Dec,478
Dec,482
Dec,483
Dec,486
Dec,477
Dec,478
Dec,480
Dec,481
Dec,482
Dec,477
Dec,475
Dec,468
Dec,469
Dec,475
Dec,471
Dec,475
Dec,476
Dec,477
Dec,474
Dec,469
Dec,468
Dec,459
Dec,458
Dec,458
Dec,462
Dec,462
Dec,459
Dec,457
Dec,460
Dec,463
Dec,458
Dec,461
Dec,459
Dec,461
Dec,461
Dec,463
Dec,466
Dec,470
Dec,470
Dec,465
Dec,461
Dec,467
Dec,476
Dec,474
Dec,480
Dec,489
Dec,494
Dec,491
Dec,488
Dec,481
Dec,478
Dec,480
Dec,488
Dec,496
Dec,507
Dec,512
Dec,496
Dec,489
Dec,490
Dec,479
Dec,472
Dec,478
Dec,472
Dec,480
Dec,495
Dec,481
Dec,476
Dec,477
Dec,492
Dec,504
Dec,511
Dec,515
Dec,519
Dec,500
Dec,506
Dec,491
Dec,484
Dec,488
Dec,494
Dec,503
Dec,516
Dec,537
Dec,545
Dec,544
Dec,549
Dec,551
Dec,528
Dec,526
Dec,527
Dec,507
Dec,490
Dec,483
Dec,476
Dec,481
Dec,485
Dec,486
Dec,490
Dec,489
Dec,476
Dec,468
Dec,474
Dec,467
Dec,467
Dec,469
Dec,474
Dec,477
Dec,480
Dec,484
Dec,487
Dec,488
Dec,484
Dec,490
Dec,488
Dec,492
Dec,497
Dec,502
Dec,507
Dec,509
Dec,504
Dec,503
Dec,492
Dec,500
Dec,502
Dec,492
Dec,475
Dec,462
Dec,460
Dec,462
Dec,465
Dec,450
Dec,442
Dec,439
Dec,440
Dec,444
Dec,444
Dec,449
Dec,457
Dec,470
Dec,483
Dec,488
Dec,487
Dec,490
Dec,502
Dec,498
Dec,491
Dec,482
Dec,480
Dec,484
Dec,481
Dec,473
Dec,466
Dec,461
Dec,445
Dec,444
Dec,443
Dec,445
Dec,448
Dec,448
Dec,448
Dec,451
Dec,448
Dec,446
Dec,449
Dec,448
Dec,443
Dec,443
Dec,437
Dec,436
Dec,439
Dec,439
Dec,439
Dec,434
Dec,433
Dec,438
Dec,430
Dec,428
Dec,427
Dec,429
Dec,429
Dec,427
Dec,429
Dec,427
Dec,430
Dec,436
Dec,440
Dec,445
Dec,450
Dec,455
Dec,460
Dec,463
Dec,465
Dec,477
Dec,482
Dec,492
Dec,478
Dec,487
Dec,493
Dec,495
Dec,508
Dec,514
Dec,511
Dec,519
Dec,516
Dec,522
Dec,522
Dec,517
Dec,512
Dec,520
Dec,517
Dec,521
Dec,529
Dec,533
Dec,523
Dec,528
Dec,530
Dec,534
Dec,530
Dec,529
Dec,537
Dec,539
Dec,536
Dec,528
Dec,528
Dec,525
Dec,512
Dec,522
Dec,528
Dec,539
Dec,531
Dec,526
Dec,533
Dec,545
Dec,541
Dec,535
Dec,525
Dec,519
Dec,476
Dec,481
Dec,485
Dec,486
Dec,490
Dec,489
Dec,476
Dec,468
Dec,474
Dec,467
Dec,467
Dec,469
Dec,474
Dec,477
Dec,480
Dec,484
Dec,487
Dec,488
Dec,484
Dec,490
Dec,488
Dec,492
Dec,497
Dec,502
Dec,507
Dec,509
Dec,504
Dec,503
Dec,492
Dec,500
Dec,502
Dec,492
Dec,475
Dec,462
Dec,460
Dec,462
Dec,465
Dec,450
Dec,442
Dec,439
Dec,440
Dec,444
Dec,444
Dec,449
Dec,457
Dec,470
Dec,483
Dec,488
Dec,487
Dec,490
Dec,502
Dec,498
Dec,491
Dec,482
Dec,480
Dec,484
Dec,481
Dec,473
Dec,466
Dec,461
Dec,445
Dec,444
Dec,443
Dec,445
Dec,448
Dec,448
Dec,448
Dec,451
Dec,448
Dec,446
Dec,449
Dec,448
Dec,443
Dec,443
Dec,437
Dec,436
Dec,439
Dec,439
Dec,439
Dec,434
Dec,433
Dec,438
Dec,430
Dec,428
Dec,427
Dec,429
Dec,429
Dec,427
Dec,429
Dec,427
Dec,430
Dec,436
Dec,440
Dec,445
Dec,450
Dec,455
Dec,460
Dec,463
Dec,465
Dec,477
Dec,482
Dec,492
Dec,478
Dec,487
Dec,493
Dec,495
Dec,508
Dec,514
Dec,511
Dec,519
Dec,516
Dec,522
Dec,522
Dec,517
Dec,512
Dec,520
Dec,517
Dec,521
Dec,529
Dec,533
Dec,523
Dec,528
Dec,530
Dec,534
Dec,530
Dec,529
Dec,537
Dec,539
Dec,536
Dec,528
Dec,528
Dec,525
Dec,512
Dec,522
Dec,528
Dec,539
Dec,531
Dec,526
Dec,533
Dec,545
Dec,541
Dec,535
Dec,525
Dec,519
Dec,499
Dec,476
Dec,471
Dec,470
Dec,465
Dec,460
Dec,472
Dec,476
Dec,469
Dec,475
Dec,474
Dec,470
Dec,476
Dec,481
Dec,474
Dec,484
Dec,492
Dec,490
Dec,477
Dec,470
Dec,470
Dec,466
Dec,466
Dec,471
Dec,481
Dec,478
Dec,472
Dec,462
Dec,463
Dec,462
Dec,457
Dec,456
Dec,461
Dec,461
Dec,463
Dec,468
Dec,478
Dec,478
Dec,486
Dec,477
Dec,468
Dec,453
Dec,439
Dec,435
Dec,433
Dec,433
Dec,433
Dec,432
Dec,428
Dec,428
Dec,427
Dec,425
Dec,423
Dec,423
Dec,420
Dec,420
Dec,422
Dec,419
Dec,419
Dec,419
Dec,418
Dec,419
Dec,419
Dec,422
Dec,422
Dec,422
Dec,421
Dec,420
Dec,420
Dec,420
Dec,422
Dec,423
Dec,423
Dec,424
Dec,423
Dec,422
Dec,423
Dec,423
Dec,424
Dec,424
Dec,423
Dec,422
Dec,424
Dec,424
Dec,423
Dec,424
Dec,423
Dec,426
Dec,424
Dec,427
Dec,428
Dec,428
Dec,424
Dec,423
Dec,424
Dec,422
Dec,427
Dec,430
Dec,434
Dec,438
Dec,439
Dec,425
Dec,427
Dec,428
Dec,431
Dec,433
Dec,436
Dec,435
Dec,433
Dec,432
Dec,432
Dec,435
Dec,434
Dec,436
Dec,436
Dec,447
Dec,449
Dec,445
Dec,446
Dec,452
Dec,450
Dec,439
Dec,439
Dec,443
Dec,499
Dec,476
Dec,471
Dec,470
Dec,465
Dec,460
Dec,472
Dec,476
Dec,469
Dec,475
Dec,474
Dec,470
Dec,476
Dec,481
Dec,474
Dec,484
Dec,492
Dec,490
Dec,477
Dec,470
Dec,470
Dec,466
Dec,466
Dec,471
Dec,481
Dec,478
Dec,472
Dec,462
Dec,463
Dec,462
Dec,457
Dec,456
Dec,461
Dec,461
Dec,463
Dec,468
Dec,478
Dec,478
Dec,486
Dec,477
Dec,468
Dec,453
Dec,439
Dec,435
Dec,433
Dec,433
Dec,433
Dec,432
Dec,428
Dec,428
Dec,427
Dec,425
Dec,423
Dec,423
Dec,420
Dec,420
Dec,422
Dec,419
Dec,419
Dec,419
Dec,418
Dec,419
Dec,419
Dec,422
Dec,422
Dec,422
Dec,421
Dec,420
Dec,420
Dec,420
Dec,422
Dec,423
Dec,423
Dec,424
Dec,423
Dec,422
Dec,423
Dec,423
Dec,424
Dec,424
Dec,423
Dec,422
Dec,424
Dec,424
Dec,423
Dec,424
Dec,423
Dec,426
Dec,424
Dec,427
Dec,428
Dec,428
Dec,424
Dec,423
Dec,424
Dec,422
Dec,427
Dec,430
Dec,434
Dec,438
Dec,439
Dec,425
Dec,427
Dec,428
Dec,431
Dec,433
Dec,436
Dec,435
Dec,433
Dec,432
Dec,432
Dec,435
Dec,434
Dec,436
Dec,436
Dec,447
Dec,449
Dec,445
Dec,446
Dec,452
Dec,450
Dec,439
Dec,439
Dec,443
Dec,450
Dec,456
Dec,474
Dec,477
Dec,480
Dec,484
Dec,492
Dec,496
Dec,506
Dec,513
Dec,515
Dec,506
Dec,483
Dec,468
Dec,459
Dec,458
Dec,455
Dec,461
Dec,467
Dec,477
Dec,483
Dec,486
Dec,493
Dec,486
Dec,483
Dec,481
Dec,486
Dec,492
Dec,497
Dec,492
Dec,489
Dec,494
Dec,458
Dec,447
Dec,449
Dec,450
Dec,455
Dec,454
Dec,456
Dec,455
Dec,447
Dec,448
Dec,447
Dec,447
Dec,447
Dec,447
Dec,447
Dec,447
Dec,447
Dec,447
Dec,447
Dec,447
Dec,447
Dec,447
Dec,447
Dec,447
Dec,447
Dec,447
Dec,447
Dec,447
Dec,447
Dec,447
Dec,447
Dec,447
Dec,447
Dec,447
Dec,447
Dec,447
Dec,447
Dec,447
Dec,447
Dec,447
Dec,447
Dec,447
Dec,447
Dec,447
Dec,447
Dec,447
Dec,447
Dec,447
Dec,447
Dec,447
Dec,447
Dec,447
Dec,447
Dec,447
Dec,447
Dec,447
Dec,447
Dec,447
Dec,447
Dec,426
Dec,426
Dec,426
Dec,426
Dec,426
Dec,426
Dec,426
Dec,426
Dec,426
Dec,426
Dec,440
Dec,430
Dec,435
Dec,433
Dec,436
Dec,441
Dec,434
Dec,434
Dec,434
Dec,434
Dec,434
Dec,434
Dec,434
Dec,434
Dec,434
Dec,434
Dec,434
Dec,434
Dec,434
Dec,434
Dec,434
Dec,434
Dec,434
Dec,434
Dec,434
Dec,434
Dec,434
Dec,434
Dec,434
Dec,434
Dec,434
Dec,434
Dec,434
Dec,434
Dec,434
Dec,434
Dec,434
Dec,434
Dec,434
Dec,434
Dec,434
Dec,434
Dec,434
Dec,434
Dec,434
Dec,434
Dec,434
Dec,434
Dec,434
Dec,434
Dec,434
Dec,434
Dec,434
Dec,434
Dec,434
Dec,434
Dec,434
Dec,434
Dec,434
Dec,434
Dec,434
Dec,434
Dec,434
Dec,434
Dec,434
Dec,434
Dec,434
Dec,434
Dec,434
Dec,434
Dec,434
Dec,434
Dec,434
Dec,434
Dec,434
Dec,434
Dec,434
Dec,434
Dec,427
Dec,427
Dec,427
Dec,427
Dec,427
Dec,427
Dec,427
Dec,427
Dec,427
Dec,427
Dec,427
Dec,427
Dec,427
Dec,427
Dec,427
Dec,427
Dec,427
Dec,427
Dec,431
Dec,430
Dec,429
Dec,432
Dec,431
Dec,430
Dec,430
Dec,430
Dec,428
Dec,426
Dec,427
Dec,425
Dec,422
Dec,421
Dec,423
Dec,425
Dec,424
Dec,425
Dec,421
Dec,418
Dec,419
Dec,420
Dec,418
Dec,418
Dec,417
Dec,417
Dec,420
Dec,422
Dec,416
Dec,416
Dec,418
Dec,416
Dec,414
Dec,418
Dec,419
Dec,418
Dec,420
Dec,418
Dec,418
Dec,414
Dec,417
Jan,418
Jan,419
Jan,421
Jan,419
Jan,417
Jan,420
Jan,420
Jan,421
Jan,422
Jan,424
Jan,421
Jan,424
Jan,420
Jan,422
Jan,425
Jan,426
Jan,425
Jan,421
Jan,418
Jan,415
Jan,413
Jan,414
Jan,415
Jan,415
Jan,415
Jan,416
Jan,414
Jan,415
Jan,415
Jan,417
Jan,418
Jan,417
Jan,418
Jan,416
Jan,416
Jan,423
Jan,420
Jan,422
Jan,419
Jan,422
Jan,437
Jan,456
Jan,451
Jan,441
Jan,436
Jan,459
Jan,473
Jan,478
Jan,485
Jan,453
Jan,453
Jan,461
Jan,461
Jan,442
Jan,446
Jan,445
Jan,431
Jan,419
Jan,417
Jan,419
Jan,418
Jan,418
Jan,419
Jan,421
Jan,417
Jan,417
Jan,419
Jan,416
Jan,416
Jan,417
Jan,418
Jan,418
Jan,416
Jan,416
Jan,417
Jan,414
Jan,416
Jan,417
Jan,416
Jan,414
Jan,416
Jan,415
Jan,414
Jan,416
Jan,416
Jan,417
Jan,418
Jan,419
Jan,417
Jan,418
Jan,417
Jan,417
Jan,418
Jan,419
Jan,418
Jan,420
Jan,422
Jan,422
Jan,424
Jan,427
Jan,430
Jan,429
Jan,426
Jan,428
Jan,432
Jan,434
Jan,432
Jan,431
Jan,430
Jan,431
Jan,430
Jan,428
Jan,426
Jan,426
Jan,427
Jan,430
Jan,432
Jan,433
Jan,431
Jan,431
Jan,431
Jan,432
Jan,432
Jan,428
Jan,426
Jan,427
Jan,426
Jan,426
Jan,430
Jan,438
Jan,432
Jan,433
Jan,429
Jan,431
Jan,434
Jan,430
Jan,427
Jan,429
Jan,433
Jan,436
Jan,435
Jan,439
Jan,439
Jan,438
Jan,445
Jan,450
Jan,444
Jan,442
Jan,441
Jan,435
Jan,434
Jan,429
Jan,429
Jan,431
Jan,435
Jan,432
Jan,430
Jan,428
Jan,427
Jan,430
Jan,428
Jan,429
Jan,428
Jan,429
Jan,430
Jan,432
Jan,432
Jan,434
Jan,432
Jan,432
Jan,432
Jan,433
Jan,431
Jan,432
Jan,432
Jan,434
Jan,433
Jan,432
Jan,432
Jan,437
Jan,437
Jan,441
Jan,440
Jan,442
Jan,439
Jan,440
Jan,439
Jan,441
Jan,444
Jan,447
Jan,447
Jan,447
Jan,445
Jan,441
Jan,444
Jan,442
Jan,447
Jan,442
Jan,439
Jan,438
Jan,438
Jan,437
Jan,434
Jan,434
Jan,436
Jan,432
Jan,431
Jan,430
Jan,430
Jan,430
Jan,429
Jan,426
Jan,428
Jan,429
Jan,429
Jan,428
Jan,429
Jan,432
Jan,429
Jan,428
Jan,426
Jan,423
Jan,423
Jan,421
Jan,420
Jan,419
Jan,424
Jan,422
Jan,422
Jan,420
Jan,427
Jan,427
Jan,425
Jan,426
Jan,425
Jan,426
Jan,426
Jan,432
Jan,433
Jan,433
Jan,432
Jan,436
Jan,439
Jan,445
Jan,446
Jan,444
Jan,443
Jan,442
Jan,442
Jan,439
Jan,435
Jan,440
Jan,445
Jan,446
Jan,446
Jan,446
Jan,441
Jan,443
Jan,439
Jan,438
Jan,441
Jan,445
Jan,444
Jan,442
Jan,438
Jan,441
Jan,440
Jan,447
Jan,442
Jan,444
Jan,444
Jan,444
Jan,447
Jan,448
Jan,449
Jan,450
Jan,453
Jan,451
Jan,451
Jan,449
Jan,447
Jan,447
Jan,447
Jan,450
Jan,450
Jan,450
Jan,450
Jan,450
Jan,450
Jan,449
Jan,450
Jan,445
Jan,446
Jan,447
Jan,446
Jan,448
Jan,444
Jan,443
Jan,445
Jan,442
Jan,444
Jan,443
Jan,443
Jan,446
Jan,445
Jan,445
Jan,447
Jan,444
Jan,444
Jan,441
Jan,442
Jan,444
Jan,442
Jan,440
Jan,441
Jan,438
Jan,437
Jan,438
Jan,440
Jan,439
Jan,441
Jan,443
Jan,441
Jan,437
Jan,436
Jan,436
Jan,439
Jan,441
Jan,441
Jan,443
Jan,448
Jan,450
Jan,446
Jan,448
Jan,447
Jan,452
Jan,448
Jan,450
Jan,456
Jan,455
Jan,452
Jan,450
Jan,450
Jan,449
Jan,451
Jan,448
Jan,447
Jan,437
Jan,440
Jan,441
Jan,435
Jan,433
Jan,431
Jan,431
Jan,431
Jan,430
Jan,432
Jan,431
Jan,427
Jan,428
Jan,427
Jan,428
Jan,427
Jan,428
Jan,428
Jan,428
Jan,429
Jan,424
Jan,423
Jan,424
Jan,423
Jan,422
Jan,426
Jan,427
Jan,431
Jan,426
Jan,426
Jan,424
Jan,428
Jan,431
Jan,429
Jan,433
Jan,429
Jan,433
Jan,438
Jan,434
Jan,434
Jan,438
Jan,438
Jan,439
Jan,441
Jan,445
Jan,448
Jan,445
Jan,446
Jan,445
Jan,445
Jan,445
Jan,450
Jan,448
Jan,452
Jan,450
Jan,450
Jan,452
Jan,451
Jan,459
Jan,457
Jan,457
Jan,459
Jan,460
Jan,456
Jan,454
Jan,455
Jan,453
Jan,447
Jan,447
Jan,447
Jan,443
Jan,443
Jan,443
Jan,437
Jan,437
Jan,438
Jan,437
Jan,435
Jan,437
Jan,437
Jan,436
Jan,433
Jan,433
Jan,432
Jan,433
Jan,431
Jan,435
Jan,434
Jan,434
Jan,434
Jan,434
Jan,435
Jan,434
Jan,434
Jan,437
Jan,437
Jan,438
Jan,438
Jan,435
Jan,436
Jan,436
Jan,432
Jan,433
Jan,432
Jan,433
Jan,434
Jan,435
Jan,434
Jan,433
Jan,434
Jan,437
Jan,436
Jan,435
Jan,436
Jan,435
Jan,430
Jan,431
Jan,432
Jan,434
Jan,434
Jan,438
Jan,438
Jan,441
Jan,443
Jan,447
Jan,450
Jan,455
Jan,455
Jan,454
Jan,451
Jan,451
Jan,454
Jan,452
Jan,448
Jan,449
Jan,446
Jan,447
Jan,447
Jan,446
Jan,448
Jan,445
Jan,445
Jan,445
Jan,446
Jan,447
Jan,447
Jan,447
Jan,449
Jan,446
Jan,447
Jan,444
Jan,436
Jan,438
Jan,437
Jan,440
Jan,436
Jan,435
Jan,434
Jan,433
Jan,436
Jan,438
Jan,441
Jan,440
Jan,440
Jan,440
